Number,Id,Place,Price Range,Category,Types,Address,Postal Code,City,State,Country,Latitude,Longitude
1,ChIJ4Wp0qpY-mYAR35jT_LQ2Sa8,The Waterpark at Wild Island,,amusement_park,"tourist_attraction, park, amusement_park, point_of_interest, establishment","250 Wild Island Ct, Sparks, NV 89434, USA 89434",89434,Sparks,Nevada,United States,39.531658,-119.713385
2,ChIJx5Xtk0pHmYARbDTSo-fFHXc,Men's Club of Reno,2,night_club,"night_club, point_of_interest, establishment","270 Lake St, Reno, NV 89501, USA 89501",89501,Reno,Nevada,United States,39.5288239,-119.8109622
3,ChIJYS2UnlJHmYARLRc9YafcOHU,Spice House,,night_club,"night_club, point_of_interest, establishment","310 Spokane St, Reno, NV 89512, USA 89512",89512,Reno,Nevada,United States,39.5316307,-119.8004011
4,ChIJ9ZRHkUZwmYARugHVWsUpy-U,Lone Eagle Grille,3,night_club,"night_club, restaurant, bar, point_of_interest, food, establishment","111 Country Club Dr, Incline Village, NV 89451, USA 89451",89451,Incline Village,Nevada,United States,39.2379379,-119.9442881
5,ChIJIVde9FJHmYAR1NE9u7yxRKY,Fantasy Girls,,night_club,"night_club, point_of_interest, establishment","1095 E 4th St, Reno, NV 89512, USA 89512",89512,Reno,Nevada,United States,39.53307470000001,-119.79964
6,ChIJUxYrpsxAmYARnBDhw8_IklI,Hookava,,night_club,"night_club, bar, point_of_interest, establishment","100 N Arlington Ave, Reno, NV 89501, USA 89501",89501,Reno,Nevada,United States,39.52547020000001,-119.8168235
7,ChIJjaCunr5AmYARb-jRp5f36uA,The Z Bar,2,night_club,"bar, night_club, point_of_interest, establishment","1074 S Virginia St, Reno, NV 89502, USA 89502",89502,Reno,Nevada,United States,39.51374140000001,-119.8068709
8,ChIJ59Y408lAmYARxSgtCIpuhco,LCB Inc,,night_club,"night_club, point_of_interest, establishment","188 California Ave, Reno, NV 89509, USA 89509",89509,Reno,Nevada,United States,39.5199183,-119.8124281
9,ChIJKQNMdr1AmYARESWndUTUOqI,Lucke's Saloon,1,night_club,"night_club, restaurant, bar, point_of_interest, food, establishment","1455 S Wells Ave, Reno, NV 89502, USA 89502",89502,Reno,Nevada,United States,39.51131469999999,-119.8033599
10,ChIJx7WMEMpAmYARVRpCxiDd4js,RedRock Studio and Bar,1,night_club,"bar, night_club, point_of_interest, establishment","241 S Sierra St., Reno, NV 89501, USA 89501",89501,Reno,Nevada,United States,39.522599,-119.813131
11,ChIJ10In10pHmYARKmrneO89h_g,Greater Nevada Field,,stadium,"stadium, point_of_interest, establishment","250 Evans Ave, Reno, NV 89501, USA 89501",89501,Reno,Nevada,United States,39.5288493,-119.8077378
12,ChIJJxpYhRVHmYARh8D8O89ZqQM,Lawlor Events Center,,stadium,"stadium, point_of_interest, establishment","1664 N Virginia St, Reno, NV 89557, USA 89557",89557,Reno,Nevada,United States,39.54508,-119.8183072
13,ChIJzf7vKxRHmYARtx0Q9WhgIzc,Mackay Stadium,,stadium,"stadium, point_of_interest, establishment","1664 N Virginia St, Reno, NV 89557, USA 89557",89557,Reno,Nevada,United States,39.5469709,-119.8176081
14,ChIJHzNUwkRHmYARjvwnVT39LoE,Reno Rodeo Association,,stadium,"tourist_attraction, stadium, point_of_interest, establishment","Rodeo Arena, 1350 N Wls Ave, Reno, NV 89512, USA 89512",89512,Reno,Nevada,United States,39.5413662,-119.8008123
15,ChIJ25Oj0BRHmYARq16X8ctnKWk,William Peccole Park,,stadium,"stadium, point_of_interest, establishment","1775 Evans Ave, Reno, NV 89512, USA 89512",89512,Reno,Nevada,United States,39.54827309999999,-119.8127651
16,ChIJXeejIEtHmYARcp8A6NomHH4,Reno Aces Baseball,,stadium,"stadium, point_of_interest, establishment","250 Evans Ave, Reno, NV 89501, USA 89501",89501,Reno,Nevada,United States,39.5287552,-119.8091611
17,ChIJy2sGpWpHmYARH1Kxr5ONbts,Christina M. Hixson Softball Park,,stadium,"stadium, point_of_interest, establishment","100 Dolly Dr, Reno, NV 89512, USA 89512",89512,Reno,Nevada,United States,39.5459245,-119.8109773
18,ChIJZdKgmmVHmYARtmmI4qylJDE,Wolf Pack Park,,stadium,"stadium, point_of_interest, establishment","1664 N Virginia St, Reno, NV 89512, USA 89512",89512,Reno,Nevada,United States,39.5475394,-119.8150267
19,ChIJoR8TYzlJmYARQt8sEoKzPBQ,North Valleys Regional Park Baseball Fields,,stadium,"stadium, point_of_interest, establishment","Regional Park, 8085 Silver Lake Rd, Reno, NV 89506, USA 89506",89506,Reno,Nevada,United States,39.6226586,-119.8657389
20,ChIJp-uF6hVHmYARDiTzWTC1bjw,Robert Cashell Fieldhouse,,stadium,"stadium, premise, point_of_interest, establishment","Reno, NV 89557, USA 89557",89557,Reno,Nevada,United States,39.5456928,-119.8167597
21,ChIJSWBo0jVHmYARP9L6HN_1rCk,Aura Ultra Lounge,,night_club,"night_club, point_of_interest, establishment","407 N Virginia St, Reno, NV 89501, USA 89501",89501,Reno,Nevada,United States,39.5303945,-119.8145392
22,ChIJ5UzErTVHmYARXEIAz1iOXDU,NoVi,,night_club,"night_club, bar, point_of_interest, establishment","345 N Virginia St, Reno, NV 89501, USA 89501",89501,Reno,Nevada,United States,39.5287886,-119.8143539
23,ChIJKdvduMpAmYAR-Lhfs4hzQZc,The Rack,,night_club,"bar, bowling_alley, night_club, point_of_interest, establishment","111 N Virginia St, Reno, NV 89501, USA 89501",89501,Reno,Nevada,United States,39.525913,-119.8133118
24,ChIJ5wwxiUtHmYARu-jzB-DrL3Q,The Bird Reno,,night_club,"night_club, point_of_interest, establishment","555 E 4th St, Reno, NV 89512, USA 89512",89512,Reno,Nevada,United States,39.5316711,-119.8066243
25,ChIJeYmE9IVAmYARwrvb7BZ5crk,Fireside Lounge,,night_club,"night_club, bar, point_of_interest, establishment","2707 S Virginia St, Reno, NV 89502, USA 89502",89502,Reno,Nevada,United States,39.49722309999999,-119.8010219
26,ChIJqdXckBoVmYARIMwyAa7FH_0,Lounge - Reno,2,night_club,"bar, night_club, point_of_interest, establishment","770 S Meadows Pkwy #110, Reno, NV 89521, USA 89521",89521,Reno,Nevada,United States,39.437831,-119.7561138
27,ChIJ48E_cUZwmYARQsl954We_Jw,The Paddle Wheel Saloon,1,night_club,"night_club, bar, point_of_interest, establishment","120 Country Club Dr Suite 23L, Incline Village, NV 89451, USA 89451",89451,Incline Village,Nevada,United States,39.2401557,-119.9406639
28,ChIJb68xj44_mYAR1fn43Rq9T30,La Fonda Méxican Restaurant,2,night_club,"night_club, restaurant, point_of_interest, food, establishment","4385 Neil Rd #109, Reno, NV 89502, USA 89502",89502,Reno,Nevada,United States,39.484806,-119.7808401
29,ChIJb_2HK8tAmYAR4XVXXzHGB78,5 Star Saloon,1,night_club,"night_club, bar, point_of_interest, establishment","132 West St, Reno, NV 89505, USA 89505",89505,Reno,Nevada,United States,39.5258622,-119.8153998
30,ChIJQYr1tzRHmYARprafV5OUuT0,Tonic Lounge,1,night_club,"bar, night_club, point_of_interest, establishment","231 W 2nd St, Reno, NV 89501, USA 89501",89501,Reno,Nevada,United States,39.5263962,-119.8167218
31,ChIJWwckvBVHmYARaW55so2qMH4,Reno Orthopedic Sports Med. Complex,,stadium,"stadium, premise, point_of_interest, establishment","Reno, NV 89557, USA 89557",89557,Reno,Nevada,United States,39.5461921,-119.8159684
32,ChIJ88UvuBVHmYARdNR6qwqJ4tM,Stadium Visitors Locker Room,,stadium,"stadium, premise, point_of_interest, establishment","Reno, NV 89557, USA 89557",89557,Reno,Nevada,United States,39.5464473,-119.8163075
33,ChIJmerkthVHmYARzr1N7PfGQo4,Mackay Stadium South East Restroom,,stadium,"stadium, premise, point_of_interest, establishment","Reno, NV 89557, USA 89557",89557,Reno,Nevada,United States,39.5466699,-119.8161719
34,ChIJ8TZITRRHmYAR4JDZtpikHtA,Tennis Courts,,stadium,"stadium, premise, point_of_interest, establishment","Reno, NV 89557, USA 89557",89557,Reno,Nevada,United States,39.5472762,-119.8157875
35,ChIJgQRcHhRHmYARwdo8Mt5yarE,Mackay Stadium North West Restroom,,stadium,"stadium, premise, point_of_interest, establishment","Reno, NV 89557, USA 89557",89557,Reno,Nevada,United States,39.547399,-119.8184328
36,ChIJgUhpz9VAmYARSigBNXsIg0Q,Reno Huskies Football Field,,stadium,"stadium, premise, point_of_interest, establishment","Reno, NV 89509, USA 89509",89509,Reno,Nevada,United States,39.5171977,-119.8329697
37,ChIJRYQdLTRHmYARu8Op-jB28TE,Silver Legacy Resort Casino,,casino,"lodging, casino, point_of_interest, establishment","407 N Virginia St, Reno, NV 89501, USA 89501",89501,Reno,Nevada,United States,39.5304918,-119.8149946
38,ChIJBzXVmTNHmYAR6ipRaf8zVCE,J Resort,,casino,"casino, lodging, point_of_interest, establishment","345 N Arlington Ave, Reno, NV 89501, USA 89501",89501,Reno,Nevada,United States,39.5281442,-119.8188873
39,ChIJ07LkRY9AmYARbPPabWOgb1I,Peppermill Resort Spa Casino,,casino,"casino, spa, lodging, restaurant, point_of_interest, food, establishment","2707 S Virginia St, Reno, NV 89502, USA 89502",89502,Reno,Nevada,United States,39.4976865,-119.801139
40,ChIJxQpVnjo_mYARW9gkVzXSKgY,Nugget Casino Resort,,casino,"casino, lodging, point_of_interest, establishment","1100 Nugget Ave, Sparks, NV 89431, USA 89431",89431,Sparks,Nevada,United States,39.53334069999999,-119.7582759
41,ChIJkVAWfts-mYARIcOgGg3-Zpw,Western Village Inn & Casino,2,casino,"casino, lodging, restaurant, point_of_interest, food, establishment","815 Nichols Blvd, Sparks, NV 89434, USA 89434",89434,Sparks,Nevada,United States,39.5344449,-119.7338224
42,ChIJk5ehscpAmYARzEnEgofAsKs,Club Cal Neva,,casino,"casino, tourist_attraction, bar, parking, restaurant, food, point_of_interest, establishment","38 E 2nd St, Reno, NV 89501, USA 89501",89501,Reno,Nevada,United States,39.5267274,-119.8126797
43,ChIJY5VYasJ6mYARUEV8U5K2AAA,Crystal Bay Casino,,casino,"casino, tourist_attraction, point_of_interest, establishment","14 NV-28, Crystal Bay, NV 89402, USA 89402",89402,Crystal Bay,Nevada,United States,39.2275693,-120.0045958
44,ChIJgWiS__JSmYARD4xbeJ6PJYQ,Bordertown Casino and RV Resort,,casino,"rv_park, atm, tourist_attraction, convenience_store, casino, lodging, finance, restaurant, point_of_interest, store, food, establishment","19575 US-395, Reno, NV 89508, USA 89508",89508,Reno,Nevada,United States,39.6707083,-119.999934
45,ChIJz3-OZ9pBmYARgsnlyO0lLPU,Atlantis Casino Resort Spa,,casino,"casino, lodging, point_of_interest, establishment","3800 S Virginia St, Reno, NV 89502, USA 89502",89502,Reno,Nevada,United States,39.4889071,-119.7936863
46,ChIJqxKN930KmYARYL8T-Yg7-OA,Gold Dust West-Carson City,,casino,"casino, lodging, point_of_interest, establishment","2171 E William St, Carson City, NV 89701, USA 89701",89701,Carson City,Nevada,United States,39.1728498,-119.7436939
47,ChIJG7qnuls_mYARweP739kMgh8,Grand Sierra Resort and Casino,,casino,"night_club, casino, movie_theater, lodging, restaurant, bar, point_of_interest, food, establishment","2500 E 2nd St, Reno, NV 89595, USA 89595",89595,Reno,Nevada,United States,39.5230411,-119.7812235
48,ChIJ3Sp9O3lAmYARes4pCuUrdHg,Monarch Casino & Resort Inc,,casino,"casino, point_of_interest, establishment","3800 S Virginia St, Reno, NV 89502, USA 89502",89502,Reno,Nevada,United States,39.4889943,-119.7940163
49,ChIJ96vwRbBHmYARQBziT7xFPS4,Bonanza Casino,,casino,"casino, tourist_attraction, point_of_interest, establishment","4720 N Virginia St, Reno, NV 89506, USA 89506",89506,Reno,Nevada,United States,39.57114629999999,-119.8255411
50,ChIJV4qmAjqgmYARj1YqSkQDVe0,Casino Fandango,,casino,"casino, restaurant, point_of_interest, food, establishment","3800 S Carson St, Carson City, NV 89701, USA 89701",89701,Carson City,Nevada,United States,39.1316995,-119.771595
51,ChIJV_ZhrxAVmYAR3lxUugT-eIg,Sierra Gold,2,casino,"bar, casino, restaurant, food, point_of_interest, establishment","680 S Meadows Pkwy, Reno, NV 89521, USA 89521",89521,Reno,Nevada,United States,39.43811700000001,-119.759365
52,ChIJ82svbEc_mYARbo9psxsjoAE,Baldini's Sports Casino and Restaurant,,casino,"casino, tourist_attraction, bar, finance, restaurant, food, point_of_interest, establishment","865 S Rock Blvd, Sparks, NV 89431, USA 89431",89431,Sparks,Nevada,United States,39.526658,-119.767225
53,ChIJ9ZRHkUZwmYARFV5R4M0gyQ0,Grand Lodge Casino at Hyatt Regency Lake Tahoe,,casino,"casino, tourist_attraction, lodging, point_of_interest, establishment","111 Country Club Dr, Incline Village, NV 89451, USA 89451",89451,Incline Village,Nevada,United States,39.2401975,-119.9426097
54,ChIJ95Ii_E1HmYARV5UgUDlba2M,Diamond's Casino,,casino,"casino, tourist_attraction, point_of_interest, establishment","1010 E 6th St, Reno, NV 89512, USA 89512",89512,Reno,Nevada,United States,39.5340412,-119.7994381
55,ChIJNefIcEw_mYARCJh2qaHcAcY,Rail City Casino,,casino,"casino, bar, point_of_interest, establishment","2121 Victorian Ave, Sparks, NV 89431, USA 89431",89431,Sparks,Nevada,United States,39.5349313,-119.7721325
56,ChIJG2_a3BlbmYARAEhYpaDJ-tQ,Gold Ranch RV Resort,,casino,"rv_park, casino, campground, park, restaurant, lodging, point_of_interest, food, establishment","320 Gold Ranch Rd, Verdi, NV 89439, USA 89439",89439,Verdi,Nevada,United States,39.5018707,-120.001089
57,ChIJI0hqdwGWkIgRamokMVIvdIQ,Five Flags Speedway,,stadium,"stadium, point_of_interest, establishment","7451 Pine Forest Rd, Pensacola, FL 32526, USA 32526",32526,Pensacola,Florida,United States,30.5025504,-87.3071755
58,ChIJs79B6VTHkIgR_GrMBD-pkJk,Vince J. Whibbs Sr. Community Maritime Park,,stadium,"park, stadium, tourist_attraction, point_of_interest, establishment","301 W Main St, Pensacola, FL 32501, USA 32501",32501,Pensacola,Florida,United States,30.4031273,-87.2186654
59,ChIJm2LcIN_qkIgRcSP7BeTITx8,Jim Spooner Field,,stadium,"stadium, point_of_interest, establishment","910 Campus Dr, Pensacola, FL 32514, USA 32514",32514,Pensacola,Florida,United States,30.5415671,-87.2072622
60,ChIJp_LI7FTHkIgRkKbegfU015s,Blue Wahoos Stadium featuring Admiral Fetterman Field - Home of the Pensacola Blue Wahoos,,stadium,"stadium, point_of_interest, establishment","351 W Cedar St, Pensacola, FL 32502, USA 32502",32502,Pensacola,Florida,United States,30.4044699,-87.2185787
61,ChIJP-aBmEi5kIgRPxQPud4_Gi0,Pensacola Greyhound Track & Poker Room,,stadium,"tourist_attraction, stadium, point_of_interest, establishment","951 Dog Track Rd, Pensacola, FL 32506, USA 32506",32506,Pensacola,Florida,United States,30.3966394,-87.3735494
62,ChIJ1Vg8NN_qkIgR86OmYJ_aKqE,UWF Softball Complex,,stadium,"stadium, point_of_interest, establishment","Campus Dr, Pensacola, FL 32514, USA 32514",32514,Pensacola,Florida,United States,30.5420977,-87.2061444
63,ChIJ8f-p4QUOmogRMRQ3jfFRJKk,Ivan Jones Stadium,,stadium,"stadium, point_of_interest, establishment","W Rose Ave, Foley, AL 36535, USA 36535",36535,Foley,Alabama,United States,30.40924269999999,-87.6887619
64,ChIJJ-PPIbC_kIgR4cyJFzYOpi0,Brent Raiders Football,,stadium,"stadium, point_of_interest, establishment","501 Yoakum Ct, Pensacola, FL 32505, USA 32505",32505,Pensacola,Florida,United States,30.4647909,-87.25316579999999
65,ChIJz87VN97qkIgR1x304WWTQ40,UWF Soccer Complex,,stadium,"stadium, point_of_interest, establishment","910 Campus Dr, Pensacola, FL 32514, USA 32514",32514,Pensacola,Florida,United States,30.5406304,-87.2033361
66,ChIJn7FyFdWUkIgRshsf8Zqxx6Q,Pen Air Field,,stadium,"stadium, point_of_interest, establishment","Campus Dr, Pensacola, FL 32514, USA 32514",32514,Pensacola,Florida,United States,30.5460663,-87.2233396
67,ChIJgQ5iVC2-kIgRvy0d8smT_04,Splash City Adventures,2,amusement_park,"amusement_park, tourist_attraction, restaurant, food, point_of_interest, establishment","6709 Pensacola Blvd, Pensacola, FL 32505, USA 32505",32505,Pensacola,Florida,United States,30.4880556,-87.2616667
68,ChIJC5cg-Y4GmogRfmvedNEA2zY,Adventure Island,,amusement_park,"amusement_park, point_of_interest, establishment","24559 Perdido Beach Blvd, Orange Beach, AL 36561, USA 36561",36561,Orange Beach,Alabama,United States,30.26688249999999,-87.6056267
69,ChIJH6qr-CohkYgRyW0ck2ySCQg,Navarre Family Watersports and Pontoon Boat Rentals,,amusement_park,"amusement_park, travel_agency, point_of_interest, establishment","8671 Navarre Pkwy, Navarre, FL 32566, USA 32566",32566,Navarre,Florida,United States,30.4006455,-86.8604507
70,ChIJ6QRAIP8OmogRDQe5EONZGq4,Tropic Falls at OWA,,amusement_park,"amusement_park, point_of_interest, establishment","1501 S Owa Blvd, Foley, AL 36535, USA 36535",36535,Foley,Alabama,United States,30.3737323,-87.6580479
71,ChIJ3ao5J8YEmogRYuPjg64q4VI,Waterville USA/Escape House,,amusement_park,"amusement_park, tourist_attraction, bowling_alley, park, point_of_interest, establishment","906 Gulf Shores Pkwy, Gulf Shores, AL 36542, USA 36542",36542,Gulf Shores,Alabama,United States,30.2583306,-87.6870639
72,ChIJX5w3WjmVkIgRasE2-y2GCoo,Bounce -N- Slide,,amusement_park,"amusement_park, point_of_interest, establishment","8520 Indian Oaks Pl, Pensacola, FL 32514, USA 32514",32514,Pensacola,Florida,United States,30.5270761,-87.2362077
73,ChIJPzbhFYMNmogRrXC8aum0gYM,Johnny's Lakeside RV Resort,,amusement_park,"rv_park, amusement_park, campground, lodging, park, point_of_interest, establishment","15810 AL-59, Foley, AL 36535, USA 36535",36535,Foley,Alabama,United States,30.4565213,-87.68642679999999
74,ChIJj154bP8OmogReABCk53h570,OWA Parks & Resort,,amusement_park,"tourist_attraction, amusement_park, lodging, point_of_interest, establishment","101 S Owa Blvd, Foley, AL 36535, USA 36535",36535,Foley,Alabama,United States,30.375073,-87.6587495
75,ChIJwyv7lXVtmogRSyrXYam7854,Kid's Splash Park,,amusement_park,"amusement_park, point_of_interest, establishment","22490 Park Ave, Robertsdale, AL 36567, USA 36567",36567,Robertsdale,Alabama,United States,30.5526433,-87.7141142
76,ChIJVVUxTqIKmYARSjWFW0jDkS8,Konex Wake Parks,,amusement_park,"amusement_park, point_of_interest, establishment","204 W Spear St, Carson City, NV 89703, USA 89703",89703,Carson City,Nevada,United States,39.1667006,-119.7681157
77,ChIJ69rEP3w_mYARJOA46kRp1EY,Urban Air Trampoline and Adventure Park,,amusement_park,"amusement_park, point_of_interest, establishment","2210 Harvard Wy, Reno, NV 89502, USA 89502",89502,Reno,Nevada,United States,39.5027535,-119.7837771
78,ChIJB--Zo3E_mYARv7Twc0O65Ds,FUNBOX WASHOE COUNTY - RENO,,amusement_park,"amusement_park, point_of_interest, establishment","5000 Meadowood Mall Cir, Reno, NV 89502, USA 89502",89502,Reno,Nevada,United States,39.4748373,-119.7831017
79,ChIJ9Q54G8k_mYARUsR_WpiZLps,Wild Island Family Adventure Park,,amusement_park,"amusement_park, point_of_interest, establishment","1855 E Lincoln Way, Sparks, NV 89434, USA 89434",89434,Sparks,Nevada,United States,39.53251899999999,-119.7125841
80,ChIJ0ZrCGydJmYAR6BLoA7Zz73s,North Valleys Water Splash Park,,amusement_park,"park, amusement_park, tourist_attraction, point_of_interest, establishment","8085 Silver Lake Rd, Reno, NV 89506, USA 89506",89506,Reno,Nevada,United States,39.6265841,-119.8679343
81,ChIJl9gPctw5mYARO4odbJTI8Yc,Melio Gaspari Water Play Park,,amusement_park,"amusement_park, tourist_attraction, point_of_interest, establishment","7100 Pyramid Highway, Sparks, NV 89441, USA 89441",89441,Sparks,Nevada,United States,39.62047190000001,-119.7231156
82,ChIJa5LNlRdwmYAR9juR8QzZeaQ,Ponderosa Ranch,,amusement_park,"amusement_park, point_of_interest, establishment","Near Lake Tahoe, Incline Village, NV 89451, USA 89451",89451,Incline Village,Nevada,United States,39.2330891,-119.9298153
83,ChIJHRH97uxYwokR6CBeDyn1jtg,The Frick Collection,2,museum,"museum, point_of_interest, establishment","1 E 70th St, New York, NY 10021, USA 10021",10021,New York,New York,United States,40.7710857,-73.9673861
84,ChIJKxDbe_lYwokRVf__s8CPn-o,The Museum of Modern Art,,museum,"tourist_attraction, art_gallery, museum, point_of_interest, establishment","11 W 53rd St, New York, NY 10019, USA 10019",10019,New York,New York,United States,40.7614327,-73.97762159999999
85,ChIJCXoPsPRYwokRsV1MYnKBfaI,American Museum of Natural History,,museum,"tourist_attraction, museum, point_of_interest, establishment","200 Central Park W, New York, NY 10024, USA 10024",10024,New York,New York,United States,40.78132409999999,-73.9739882
86,ChIJaXQRs6lZwokRY6EFpJnhNNE,Empire State Building,,museum,"tourist_attraction, museum, point_of_interest, establishment","20 W 34th St., New York, NY 10001, USA 10001",10001,New York,New York,United States,40.7484405,-73.98566439999999
87,ChIJmZ5emqJYwokRuDz79o0coAQ,Solomon R. Guggenheim Museum,,museum,"tourist_attraction, museum, point_of_interest, establishment","1071 5th Ave, New York, NY 10128, USA 10128",10128,New York,New York,United States,40.7829796,-73.9589706
88,ChIJK6bycAH0wokRrSnflfrnkZE,The Met Cloisters,,museum,"tourist_attraction, museum, point_of_interest, establishment","99 Margaret Corbin Dr, New York, NY 10040, USA 10040",10040,New York,New York,United States,40.86486279999999,-73.9317274
89,ChIJnxlg1U5YwokR8T90UrZiIwI,Intrepid Museum,,museum,"museum, tourist_attraction, point_of_interest, establishment","Pier 86, W 46th St, New York, NY 10036, USA 10036",10036,New York,New York,United States,40.7648801,-74.0008306
90,ChIJR026QqZZwokRgLuHSIZNIKM,Museum of Sex,2,museum,"museum, tourist_attraction, bar, store, point_of_interest, establishment","233 5th Ave, New York, NY 10016, USA 10016",10016,New York,New York,United States,40.7440291,-73.9872529
91,ChIJ8VOfr1RYwokRhil9_pcMKuc,Madame Tussauds New York,3,museum,"tourist_attraction, museum, point_of_interest, establishment","234 W 42nd St, New York, NY 10036, USA 10036",10036,New York,New York,United States,40.7564269,-73.9888338
92,ChIJI0CljFRYwokR3RaPoS2QsN0,Discovery Times Square,,museum,"tourist_attraction, museum, point_of_interest, establishment","226 W 44th St, New York, NY 10036, USA 10036",10036,New York,New York,United States,40.7577167,-73.9873667
93,ChIJxVcS-PWow4kR5ZKqeqvh2RU,The Funplex,,amusement_park,"tourist_attraction, amusement_park, bar, point_of_interest, establishment","182 NJ-10, East Hanover, NJ 07936, USA 07936",07936,East Hanover,New Jersey,United States,40.8102778,-74.37722219999999
94,ChIJu_GrREebwokRe1D0ETmgvwE,Bayville Adventure Park,,amusement_park,"tourist_attraction, amusement_park, store, food, point_of_interest, establishment","8 Bayville Ave, Bayville, NY 11709, USA 11709",11709,Bayville,New York,United States,40.9079201,-73.5823059
95,ChIJz3UFf_xWwokRCaSMLQsEa0Y,Field Station: Dinosaurs,,amusement_park,"tourist_attraction, amusement_park, point_of_interest, establishment","3 Overpeck Pk Driveway, Leonia, NJ 07605, USA 07605",07605,Leonia,New Jersey,United States,40.8732274,-73.9900147
96,ChIJTVRHOuuQwokR6vFt-0kB3DU,Playland Park,,amusement_park,"amusement_park, tourist_attraction, park, point_of_interest, establishment","1 Playland Pkwy, Rye, NY 10580, USA 10580",10580,Rye,New York,United States,40.96514189999999,-73.6751251
97,ChIJibw5HDI0wokRKaL68oqitWw,Runaway Rapids Waterpark,,amusement_park,"tourist_attraction, amusement_park, point_of_interest, establishment","275 Beachway Ave, Keansburg, NJ 07734, USA 07734",07734,Keansburg,New Jersey,United States,40.4547395,-74.1382078
98,ChIJV2YZmSPCwokRSrA87ONgeoc,Bounce! Trampoline Sports,,amusement_park,"amusement_park, point_of_interest, establishment","612 Corporate Way, Valley Cottage, NY 10989, USA 10989",10989,Valley Cottage,New York,United States,41.1292463,-73.9448805
99,ChIJbcr95-1YwokRuBMO1wMVL50,Victorian Gardens Amusement Park,,amusement_park,"amusement_park, tourist_attraction, point_of_interest, establishment","New York, NY 10019, USA 10019",10019,New York,New York,United States,40.76777939999999,-73.97446630000002
100,ChIJBdfnVUiXwokR0_XqLS0htQo,Leapin Lizards,,amusement_park,"amusement_park, point_of_interest, establishment","421 Boston Post Rd, Port Chester, NY 10573, USA 10573",10573,Port Chester,New York,United States,40.99416610000001,-73.67248219999999
101,ChIJxUDOY_8q6IkRgtODfJ5YfUU,Adventureland Amusement Park,,amusement_park,"amusement_park, tourist_attraction, point_of_interest, establishment","2245 Broadhollow Rd, Farmingdale, NY 11735, USA 11735",11735,Farmingdale,New York,United States,40.752614,-73.419844
102,ChIJq2dBUzREwokRugdGFafrtIw,Deno's Wonder Wheel Amusement Park,,amusement_park,"amusement_park, tourist_attraction, point_of_interest, establishment","3059 W 12th St, Coney Island, NY 11224, USA 11224",11224,,New York,United States,40.57333089999999,-73.9791552
103,ChIJyTmcRApbwokR-oXJRqpVI8Y,Brooklyn Museum,,museum,"tourist_attraction, museum, point_of_interest, establishment","200 Eastern Pkwy, Brooklyn, NY 11238, USA 11238",11238,,New York,United States,40.6712062,-73.9636306
104,ChIJD4QSVbxZwokRaFPDajZtIaI,Rubin Museum of Art,2,museum,"cafe, museum, store, food, point_of_interest, establishment","150 W 17th St, New York, NY 10011, USA 10011",10011,New York,New York,United States,40.7400671,-73.9977244
105,ChIJN3MJ6pRYwokRiXg91flSP8Y,Whitney Museum of American Art,,museum,"tourist_attraction, museum, point_of_interest, establishment","99 Gansevoort St, New York, NY 10014, USA 10014",10014,New York,New York,United States,40.73958770000001,-74.0088629
106,ChIJUZ0c7MpYwokRh8SiMzCXL98,The Noguchi Museum,3,museum,"museum, point_of_interest, establishment","9-01 33rd Rd, Queens, NY 11106, USA 11106",11106,,New York,United States,40.766813,-73.9380539
107,ChIJyRUHuHzzwokRPxVBNKhcP9c,New York Botanical Garden,,museum,"tourist_attraction, park, museum, point_of_interest, establishment","2900 Southern Blvd, Bronx, NY 10458, USA 10458",10458,,New York,United States,40.86228709999999,-73.8773946
108,ChIJMf7Re8dZwokRJ0Nyj2IixlM,David Zwirner,,museum,"art_gallery, tourist_attraction, museum, point_of_interest, establishment","525 W 19th St, New York, NY 10011, USA 10011",10011,New York,New York,United States,40.745866,-74.006985
109,ChIJlaRS3IVZwokR2llMD6dCt-U,New Museum,3,museum,"tourist_attraction, museum, point_of_interest, establishment","235 Bowery, New York, NY 10002, USA 10002",10002,New York,New York,United States,40.7223376,-73.9928905
110,ChIJ3453OAdZwokRja92OOKCugM,The Morgan Library & Museum,2,museum,"museum, tourist_attraction, library, point_of_interest, establishment","225 Madison Ave, New York, NY 10016, USA 10016",10016,New York,New York,United States,40.7492258,-73.9813971
111,ChIJ20bVJYdZwokRhI7esP3mYM0,Tenement Museum,,museum,"tourist_attraction, museum, point_of_interest, establishment","103 Orchard St, New York, NY 10002, USA 10002",10002,New York,New York,United States,40.71881799999999,-73.9900876
112,ChIJAx_yUCVfwokRQ2xEBIWV21g,Museum of the Moving Image,,museum,"museum, tourist_attraction, movie_theater, point_of_interest, establishment","36-01 35th Ave, Queens, NY 11106, USA 11106",11106,,New York,United States,40.7563454,-73.9239496
113,ChIJVWRE0jIswokRpKKyfezeI1k,Sprayground at Dorbrook Recreation Area,,amusement_park,"park, amusement_park, point_of_interest, establishment","353 County Rd 537, Colts Neck, NJ 07722, USA 07722",07722,Colts Neck,New Jersey,United States,40.2991623,-74.13467729999999
114,ChIJMU3Q4tBfwokRhVWJiwGK_Yw,Fantasy Forest Carousel Park,,amusement_park,"amusement_park, tourist_attraction, park, point_of_interest, establishment","5351 111th St, Queens, NY 11368, USA 11368",11368,,New York,United States,40.7432938,-73.8492741
115,ChIJiddlruz5wokRBSmKI9N6dR4,Urban Air Trampoline and Adventure Park,,amusement_park,"amusement_park, point_of_interest, establishment","69 Wesley St, South Hackensack, NJ 07606, USA 07606",07606,South Hackensack,New Jersey,United States,40.8692851,-74.053798
116,ChIJD6UnWLsBw4kRV-y6yTVPeRw,DEFY Wayne,,amusement_park,"amusement_park, point_of_interest, establishment","77 Willowbrook Blvd, Wayne, NJ 07470, USA 07470",07470,Wayne,New Jersey,United States,40.8864466,-74.2533717
117,ChIJzTxEWM1OwokR1YUjypd5EwI,Keansburg Amusement Park,,amusement_park,"amusement_park, tourist_attraction, point_of_interest, establishment","275 Beachway Ave, Keansburg, NJ 07734, USA 07734",07734,Keansburg,New Jersey,United States,40.4553151,-74.1346442
118,ChIJT5wlSa80wokRG6MU6ibagvI,Keyport Fireman's Fair,,amusement_park,"amusement_park, point_of_interest, establishment","W Front St, Keyport, NJ 07735, USA 07735",07735,Keyport,New Jersey,United States,40.4361049,-74.2065152
119,ChIJP7eiUQ_kwokRuW64GAkeMJg,Sky Zone Trampoline Park,,amusement_park,"amusement_park, point_of_interest, establishment","80 Commerce Dr, Allendale, NJ 07401, USA 07401",07401,Allendale,New Jersey,United States,41.0395444,-74.1178018
120,ChIJbW4RWhq4w4kR7Ay1JV8AdRc,Sky Zone Trampoline Park,,amusement_park,"amusement_park, point_of_interest, establishment","600 Hadley Rd, South Plainfield, NJ 07080, USA 07080",07080,South Plainfield,New Jersey,United States,40.5510664,-74.41494770000001
121,ChIJl1jMQkebwokRph-ZKjdX88k,BAYVILLE SCREAM PARK,,amusement_park,"amusement_park, point_of_interest, establishment","8 Bayville Ave, Bayville, NY 11709, USA 11709",11709,Bayville,New York,United States,40.9079586,-73.5823005
122,ChIJIVKvu-fpwokRZpDgDI7FTn0,5 Wits West Nyack,,amusement_park,"amusement_park, point_of_interest, establishment","4270 Palisades Center Dr, West Nyack, NY 10994, USA 10994",10994,West Nyack,New York,United States,41.0977325,-73.9576263
123,ChIJq2JlJPV3hYARQcsgy6vxHGc,San Pablo Lytton Casino,,casino,"casino, tourist_attraction, point_of_interest, establishment","13255 San Pablo Ave, San Pablo, CA 94806, USA 94806",94806,San Pablo,California,United States,37.95255489999999,-122.3344235
124,ChIJv55iEBN-hYARAF2DZK-d4-8,Oaks Card Club,,casino,"casino, restaurant, food, point_of_interest, establishment","4097 San Pablo Ave, Emeryville, CA 94608, USA 94608",94608,Emeryville,California,United States,37.8320272,-122.2804348
125,ChIJ-S3N3NB5j4ARDNGZvICKXL4,Artichoke Joe's Casino,,casino,"casino, tourist_attraction, point_of_interest, establishment","659 Huntington Ave, San Bruno, CA 94066, USA 94066",94066,San Bruno,California,United States,37.6277778,-122.4108333
126,ChIJ37zVpXSPj4ARfXweL_Y1Fyc,Lottery Ticket Sales,,casino,"casino, point_of_interest, store, establishment","10440 MacArthur Blvd, Oakland, CA 94605, USA 94605",94605,Oakland,California,United States,37.74359640000001,-122.1528421
127,ChIJp6Q36mQMhYAR7PbPUAS6IM4,Napa Valley Casino,,casino,"casino, tourist_attraction, point_of_interest, establishment","3466 Broadway, American Canyon, CA 94503, USA 94503",94503,American Canyon,California,United States,38.1719964,-122.253043
128,ChIJ03rDi5FmhYARy7bEnTty_hI,California Grand Casino,,casino,"casino, tourist_attraction, point_of_interest, establishment","5988 Pacheco Blvd, Pacheco, CA 94553, USA 94553",94553,Pacheco,California,United States,37.9819486,-122.0674928
129,ChIJDe9WMd-Tj4ARTv1qNVM1lPs,The Palace Poker Casino,,casino,"casino, point_of_interest, establishment","22821 Mission Blvd, Hayward, CA 94541, USA 94541",94541,Hayward,California,United States,37.6695944,-122.0819136
130,ChIJdx4oVrR7j4ARqTgpm0jmWbA,Lucky Chances Casino,,casino,"casino, restaurant, food, point_of_interest, establishment","1700 Hillside Blvd, Colma, CA 94014, USA 94014",94014,Colma,California,United States,37.6798676,-122.4526719
131,ChIJ-Xp44nGjj4ARpQy--kuhkuY,The Great Highway,,casino,"casino, restaurant, point_of_interest, food, store, establishment","1100 Industrial Rd STE 14, San Carlos, CA 94070, USA 94070",94070,San Carlos,California,United States,37.5025796,-122.2489809
132,ChIJAQAU-CtnhYARGzz-NWo6IZM,B&P Photo Booth & Productions,,casino,"casino, point_of_interest, establishment","1335 Galindo St, Concord, CA 94520, USA 94520",94520,Concord,California,United States,37.97070519999999,-122.0326632
133,ChIJsZDyWJTCyIAR9IiwGIUJ3h8,Ojos Locos Sports Cantina y Casino,,night_club,"casino, lodging, bar, night_club, restaurant, food, point_of_interest, establishment","3227 Civic Center Dr, North Las Vegas, NV 89030, USA 89030",89030,North Las Vegas,Nevada,United States,36.218636,-115.121003
134,ChIJFa9M1HbEyIARlkDVzmhgh2s,SAHARA Las Vegas,3,night_club,"tourist_attraction, night_club, spa, bar, lodging, casino, restaurant, food, point_of_interest, establishment","2535 S Las Vegas Blvd, Las Vegas, NV 89109, USA 89109",89109,Las Vegas,Nevada,United States,36.1423552,-115.1567235
135,ChIJo2QZEG3EyIARuHyQ4XC29RY,Peppermill Restaurant and Fireside Lounge,2,night_club,"night_club, restaurant, bar, point_of_interest, food, establishment","2985 Las Vegas Blvd S, Las Vegas, NV 89109, USA 89109",89109,Las Vegas,Nevada,United States,36.1335834,-115.1629934
136,ChIJb7Qe8RTEyIARqt7WfhoTKPY,XS Nightclub,4,night_club,"night_club, point_of_interest, establishment","3131 Las Vegas Blvd S, Las Vegas, NV 89109, USA 89109",89109,Las Vegas,Nevada,United States,36.1270876,-115.1648273
137,ChIJlRqurI3DyIARTwOlBp97nAk,Little Darlings Las Vegas,,night_club,"night_club, point_of_interest, store, establishment","1514 Western Ave, Las Vegas, NV 89102, USA 89102",89102,Las Vegas,Nevada,United States,36.1538348,-115.1614682
138,ChIJnX6I0D3EyIAREDM35xVddoY,TAO Asian Bistro & Nightclub,3,night_club,"night_club, restaurant, point_of_interest, food, establishment","3377 S Las Vegas Blvd, Las Vegas, NV 89109, USA 89109",89109,Las Vegas,Nevada,United States,36.1226597,-115.1700866
139,ChIJV1EuXj7EyIAR69L_77269Vc,Marquee Nightclub,3,night_club,"night_club, point_of_interest, establishment","Located Inside the Cosmopolitan, 3708 S Las Vegas Blvd, Las Vegas, NV 89109, USA 89109",89109,Las Vegas,Nevada,United States,36.1096173,-115.1743721
140,ChIJYUKC-8_FyIARI5zujBtRmD4,House of Blues Restaurant & Bar,3,night_club,"night_club, bar, restaurant, point_of_interest, food, store, establishment","3950 S Las Vegas Blvd, Las Vegas, NV 89119, USA 89119",89119,Las Vegas,Nevada,United States,36.093044,-115.175564
141,ChIJhYJ3NXXDyIARo_SCc3vMKjw,Gold Spike,2,night_club,"bar, night_club, point_of_interest, establishment","217 Las Vegas Blvd N, Las Vegas, NV 89101, USA 89101",89101,Las Vegas,Nevada,United States,36.1708926,-115.1406007
142,ChIJ18Y7ZM_FyIARVLjHndpGo_Y,Delano Las Vegas,,night_club,"casino, night_club, bar, lodging, point_of_interest, establishment","3940 S Las Vegas Blvd, Las Vegas, NV 89119, USA 89119",89119,Las Vegas,Nevada,United States,36.0930789,-115.177319
143,ChIJlcyAXITDyIARX9NQ2Rdl6u0,Thunderbird Saloon,,night_club,"bar, night_club, point_of_interest, establishment","1215 S Las Vegas Blvd, Las Vegas, NV 89104, USA 89104",89104,Las Vegas,Nevada,United States,36.1558144,-115.1490347
144,ChIJjRyfDa3FyIARXJ9Mi8poXDw,Piranha Nightclub,2,night_club,"night_club, bar, point_of_interest, establishment","4633 Paradise Rd, Las Vegas, NV 89169, USA 89169",89169,Las Vegas,Nevada,United States,36.1055315,-115.1516872
145,ChIJazRM1_TDyIARdQTWWaKyZRI,The Library Gentlemen's Club,,night_club,"night_club, bar, point_of_interest, establishment","2112 Western Ave, Las Vegas, NV 89102, USA 89102",89102,Las Vegas,Nevada,United States,36.147873,-115.165844
146,ChIJGToTtvLayIARbwHzpdnJ8SM,One Six Sky Lounge,,night_club,"night_club, bar, point_of_interest, establishment","5255 Boulder Hwy, Las Vegas, NV 89122, USA 89122",89122,Las Vegas,Nevada,United States,36.10779850000001,-115.0571483
147,ChIJ5RTLAXXDyIAR7LQD3eoIsaQ,The Parlour at El Cortez,,night_club,"night_club, bar, point_of_interest, establishment","600 E Fremont St, Las Vegas, NV 89101, USA 89101",89101,Las Vegas,Nevada,United States,36.16899509999999,-115.1387065
148,ChIJ5wcBShTMyIARXBAZjfG-GQ8,Ravello Lounge,,night_club,"bar, night_club, point_of_interest, establishment","12300 Las Vegas Blvd S, Henderson, NV 89044, USA 89044",89044,Henderson,Nevada,United States,35.9653565,-115.1691587
149,ChIJFRMP18zFyIARH59-0fc_YbM,The Chocolate Bar,2,night_club,"bar, night_club, point_of_interest, establishment","3790 S Las Vegas Blvd, Las Vegas, NV 89109, USA 89109",89109,Las Vegas,Nevada,United States,36.10178179999999,-115.1738258
150,ChIJLQIAo13qyIAR5HhExx2zjjM,Pink Spot Vapors,,night_club,"night_club, bar, store, point_of_interest, establishment","6485 N Decatur Blvd # 180, Las Vegas, NV 89131, USA 89131",89131,Las Vegas,Nevada,United States,36.2769876,-115.2075052
151,ChIJR0qwHmjEyIARZ6d6KTOgMPc,Envy The Steakhouse,3,night_club,"night_club, restaurant, bar, point_of_interest, food, establishment","3400 Paradise Rd, Las Vegas, NV 89169, USA 89169",89169,Las Vegas,Nevada,United States,36.1275288,-115.1545176
152,ChIJH5yHDzzEyIARBMBLt-1PnMQ,Carnaval Court Las Vegas,2,night_club,"night_club, bar, point_of_interest, establishment","3475 Las Vegas Blvd S, Las Vegas, NV 89109, USA 89109",89109,Las Vegas,Nevada,United States,36.1187164,-115.1718524
153,ChIJGYpLLM3FyIARWm4nrw1bR18,Coyote Ugly,2,night_club,"bar, night_club, point_of_interest, establishment","3790 South Las Vegas Boulevard New York-New York, Hotel and Casino, New York New York Casino, 3790 S Las Vegas Blvd, Las Vegas, NV 89109, USA 89109",89109,Las Vegas,Nevada,United States,36.10142669999999,-115.1739968
154,ChIJw4BRSyjFyIARz1IWiWhcC7o,Ichabod's Lounge and Restaurant,2,night_club,"night_club, casino, bar, restaurant, food, point_of_interest, establishment","3300 E Flamingo Rd, Las Vegas, NV 89121, USA 89121",89121,Las Vegas,Nevada,United States,36.1166537,-115.1035524
155,ChIJ3_LBNpPDyIARIkTs_rNJJ_4,Frankie's Tiki Room,2,night_club,"night_club, bar, point_of_interest, establishment","1712 W Charleston Blvd, Las Vegas, NV 89102, USA 89102",89102,Las Vegas,Nevada,United States,36.1591391,-115.1646438
156,ChIJP6_zgf3CyIARbaPPhoWYlJE,Jerry's Nugget Casino,2,night_club,"casino, night_club, meal_takeaway, cafe, bakery, bar, store, restaurant, food, point_of_interest, establishment","1821 Las Vegas Blvd N, North Las Vegas, NV 89030, USA 89030",89030,North Las Vegas,Nevada,United States,36.1928338,-115.132734
157,ChIJzyLt2YXDyIAR_7Q2RtN1wTc,Dino's Lounge,1,night_club,"night_club, bar, point_of_interest, establishment","1516 S Las Vegas Blvd, Las Vegas, NV 89104, USA 89104",89104,Las Vegas,Nevada,United States,36.1525487,-115.1518933
158,ChIJJQ6Ck8zFyIARfxB2vQVF2Z0,MGM Grand,,casino,"casino, lodging, point_of_interest, establishment","3799 S Las Vegas Blvd, Las Vegas, NV 89109, USA 89109",89109,Las Vegas,Nevada,United States,36.1036224,-115.1675744
159,ChIJP_YNmqHDyIARtqyg5oGF5xw,Plaza Hotel & Casino,,casino,"casino, lodging, point_of_interest, establishment","1 N Main St, Las Vegas, NV 89101, USA 89101",89101,Las Vegas,Nevada,United States,36.171784,-115.146861
160,ChIJiwV3rBXEyIARRdN3c345tKE,The Venetian Las Vegas,,casino,"casino, lodging, point_of_interest, establishment","3355 S Las Vegas Blvd, Las Vegas, NV 89109, USA 89109",89109,Las Vegas,Nevada,United States,36.121174,-115.1696526
161,ChIJleDKRDzEyIAR9z-vovLIyXc,Caesars Palace,,casino,"tourist_attraction, casino, lodging, point_of_interest, establishment","3570 S Las Vegas Blvd, Paradise, NV 89109, USA 89109",89109,Paradise,Nevada,United States,36.1172612,-115.176141
162,ChIJI9tTB6DDyIARBYf7r_X-rdE,Downtown Grand Hotel & Casino,,casino,"casino, lodging, point_of_interest, establishment","206 N 3rd St, Las Vegas, NV 89101, USA 89101",89101,Las Vegas,Nevada,United States,36.1716389,-115.1416128
163,ChIJFTJhO6DDyIARYs7dJsDxK2Y,Fremont Hotel & Casino,,casino,"casino, point_of_interest, establishment","200 Fremont St, Las Vegas, NV 89101, USA 89101",89101,Las Vegas,Nevada,United States,36.17079539999999,-115.1432647
164,ChIJv_WQA6HDyIAR_wdTCqIWDZg,California Hotel & Casino,,casino,"casino, point_of_interest, establishment","12 E Ogden Ave, Las Vegas, NV 89101, USA 89101",89101,Las Vegas,Nevada,United States,36.1729812,-115.1448364
165,ChIJM5pPyaHDyIARi2GWubblECA,Golden Nugget Las Vegas Hotel & Casino,2,casino,"aquarium, bar, lodging, casino, restaurant, food, point_of_interest, establishment","129 E Fremont St, Las Vegas, NV 89101, USA 89101",89101,Las Vegas,Nevada,United States,36.16996710000001,-115.1448235
166,ChIJi30u1KbDyIARNE76kZcu75w,Main Street Station Casino Brewery Hotel,,casino,"casino, lodging, food, point_of_interest, establishment","200 N Main St, Las Vegas, NV 89101, USA 89101",89101,Las Vegas,Nevada,United States,36.17372690000001,-115.1454445
167,ChIJP_e37KHDyIAR972mwUmavqE,Golden Gate Hotel & Casino,,casino,"casino, tourist_attraction, lodging, point_of_interest, establishment","1 Fremont St, Las Vegas, NV 89101, USA 89101",89101,Las Vegas,Nevada,United States,36.17119819999999,-115.1462426
168,ChIJ38KlUGXEyIARkT07Nn0apvI,Westgate Las Vegas Resort & Casino,,casino,"spa, lodging, casino, point_of_interest, establishment","3000 Paradise Rd, Las Vegas, NV 89109, USA 89109",89109,Las Vegas,Nevada,United States,36.13528640000001,-115.1524579
169,ChIJS0B4ZMzCyIARxg2SVf4dIZk,Encore Las Vegas,4,casino,"tourist_attraction, casino, lodging, point_of_interest, establishment","3121 S Las Vegas Blvd, Las Vegas, NV 89109, USA 89109",89109,Las Vegas,Nevada,United States,36.1294396,-115.164314
170,ChIJ6ZkozELEyIAR9hCHmNkE2KM,Mardi Gras Hotel & Casino,,casino,"casino, lodging, point_of_interest, establishment","3500 Paradise Rd #101, Las Vegas, NV 89169, USA 89169",89169,Las Vegas,Nevada,United States,36.1254931,-115.1544601
171,ChIJlYYq3iLEyIAR7W-7y3M7wbE,Wynn Las Vegas,,casino,"casino, tourist_attraction, shopping_mall, lodging, point_of_interest, establishment","3131 Las Vegas Blvd S, Las Vegas, NV 89109, USA 89109",89109,Las Vegas,Nevada,United States,36.126119,-115.1619583
172,ChIJswuaqjrEyIARE0cTvGmUiwk,"Treasure Island - TI Las Vegas Hotel & Casino, a Radisson Hotel",2,casino,"casino, lodging, point_of_interest, establishment","3300 Las Vegas Blvd S, Las Vegas, NV 89109, USA 89109",89109,Las Vegas,Nevada,United States,36.1247462,-115.1720827
173,ChIJdyyk8BXEyIARY72Zdyqd_m0,The Mirage,,casino,"casino, lodging, point_of_interest, establishment","3400 S Las Vegas Blvd, Las Vegas, NV 89109, USA 89109",89109,Las Vegas,Nevada,United States,36.1216343,-115.1763346
174,ChIJVdePyjvEyIARderixECdW2Q,Flamingo Las Vegas,,casino,"tourist_attraction, casino, lodging, point_of_interest, establishment","3555 Las Vegas Blvd S, Las Vegas, NV 89109, USA 89109",89109,Las Vegas,Nevada,United States,36.1166377,-115.1703905
175,ChIJITzy10jEyIAR5J_a_62drB8,Tuscany Suites & Casino,,casino,"casino, tourist_attraction, lodging, point_of_interest, establishment","255 E Flamingo Rd, Las Vegas, NV 89169, USA 89169",89169,Las Vegas,Nevada,United States,36.1134337,-115.1602397
176,ChIJDzmaoHDdyIAROmVNqcu_T7g,Ellis Island Hotel,,casino,"casino, lodging, point_of_interest, establishment","4250 Koval Ln, Las Vegas, NV 89109, USA 89109",89109,Las Vegas,Nevada,United States,36.1122578,-115.1634168
177,ChIJAQAAAGzDyIARAVwe_ga0REU,Paris Las Vegas,,casino,"tourist_attraction, casino, lodging, point_of_interest, establishment","3655 S Las Vegas Blvd, Las Vegas, NV 89109, USA 89109",89109,Las Vegas,Nevada,United States,36.11246199999999,-115.1707075
178,ChIJvUdRyzDEyIARhA3R2cXH8oI,Bellagio Hotel & Casino,,casino,"casino, lodging, point_of_interest, establishment","3600 S Las Vegas Blvd, Las Vegas, NV 89109, USA 89109",89109,Las Vegas,Nevada,United States,36.1129455,-115.1765067
179,ChIJqzfRYTbEyIARnAVadHZlVHw,Planet Hollywood Las Vegas Resort & Casino,,casino,"lodging, casino, point_of_interest, establishment","3667 Las Vegas Blvd S, Las Vegas, NV 89109, USA 89109",89109,Las Vegas,Nevada,United States,36.1099696,-115.1700646
180,ChIJX8LqCCDEyIARtXpjW9_P7YQ,Rio Hotel & Casino,,casino,"casino, lodging, point_of_interest, establishment","3700 W Flamingo Rd, Las Vegas, NV 89103, USA 89103",89103,Las Vegas,Nevada,United States,36.1175148,-115.1881593
181,ChIJT__BBTHEyIARSHye841eD20,The Cosmopolitan of Las Vegas,,casino,"casino, lodging, point_of_interest, establishment","3708 Las Vegas Blvd S, Las Vegas, NV 89109, USA 89109",89109,Las Vegas,Nevada,United States,36.1097553,-115.1738769
182,ChIJxYriRSDoyIARQUoiMxvfoDw,Cannery Casino & Hotel,,casino,"casino, lodging, point_of_interest, establishment","2121 E Craig Rd, North Las Vegas, NV 89030, USA 89030",89030,North Las Vegas,Nevada,United States,36.238521,-115.118824
183,ChIJVboLAmBh2YARfJewOXZvytg,Viejas Casino & Resort,,casino,"casino, tourist_attraction, lodging, point_of_interest, establishment","5000 Willows Rd, Alpine, CA 91901, USA 91901",91901,Alpine,California,United States,32.842284,-116.705365
184,ChIJO64ZclZI2YARGL0xT7jwbPk,Hotel Pueblo Amigo,,casino,"casino, lodging, point_of_interest, establishment","Vía Rápida Ote. 9211, Zona Urbana Rio Tijuana, 22320 Tijuana, B.C., Mexico 22320",22320,Tijuana,Baja California,Mexico,32.5371784,-117.0264272
185,ChIJ2d-8YvFN2YARUCH-Awz0bsI,Howard Johnson Suites By Wyndham San Diego Chula Vista Bayfront,,casino,"casino, lodging, point_of_interest, establishment","235 Woodlawn Ave, Chula Vista, CA 91910, USA 91910",91910,Chula Vista,California,United States,32.6392897,-117.0969478
186,ChIJB39hhUTh24ARxcoC2P1ZYNQ,Barona Resort & Casino,,casino,"casino, lodging, point_of_interest, establishment","1932 Wildcat Canyon Rd, Lakeside, CA 92040, USA 92040",92040,Lakeside,California,United States,32.9390049,-116.8736109
187,ChIJrZVAKdpd2YAR_RDVwAcdjGI,Sycuan Casino Resort,,casino,"casino, tourist_attraction, spa, lodging, restaurant, food, point_of_interest, establishment","5469 Casino Way, El Cajon, CA 92019, USA 92019",92019,El Cajon,California,United States,32.7862696,-116.8312666
188,ChIJBTqTkuVN2YARYjVt7akogAE,Seven Mile Casino,,casino,"casino, tourist_attraction, point_of_interest, establishment","285 Bay Blvd, Chula Vista, CA 91910, USA 91910",91910,Chula Vista,California,United States,32.6366052,-117.0997608
189,ChIJNUOdEBNY2YAR3KVVu1dtdpg,kingsman casino training,,casino,"casino, school, point_of_interest, establishment","8528 Magnolia Ave Suite 102, Santee, CA 92071, USA 92071",92071,Santee,California,United States,32.83054620000001,-116.9636672
190,ChIJS6I24LVc2YARI1pSs4N3e6w,Jamul Casino,,casino,"casino, tourist_attraction, restaurant, food, point_of_interest, establishment","14145 Campo Rd, Jamul, CA 91935, USA 91935",91935,Jamul,California,United States,32.7034289,-116.8686038
191,ChIJDeUKig442YARX_qqrkg8P34,Caliente Hipódromo Cajas Librería,,casino,"casino, point_of_interest, establishment","Boulevard Gustavo Diaz Ordaz s/n interior Centro Comercial, Los Alamos, 22450 Tijuana, B.C., Mexico 22450",22450,Tijuana,Baja California,Mexico,32.4983551,-116.9668807
192,ChIJJVUjaAYw-xQRZttagZ2xcVA,Caliente Tijuana Otay Sentri,,casino,"casino, point_of_interest, establishment","Blvd. Garita de Otay 210-Int. 10-14, Nueva Tijuana, 22435 Tijuana, B.C., Mexico 22435",22435,Tijuana,Baja California,Mexico,32.5470692,-116.9378904
193,ChIJ6Wts33JH2YARlQninCt8lHo,Caliente,,casino,"casino, point_of_interest, establishment","Blvd. Alberto Limón Padilla, Cd Industrial, 22435 Tijuana, B.C., Mexico 22435",22435,Tijuana,Baja California,Mexico,32.5371422,-116.9292264
194,ChIJNWaVoPhI2YARXjVbYOSdIyE,Caliente Tijuana Sports Bar & Casino,,casino,"casino, point_of_interest, establishment","Esquina Vía Oriente 9211 Centro Comercial Pueblo Amigo, Av. Alfonso Reyes 9211, Zona Urbana Rio Tijuana, 22320 Tijuana, B.C., Mexico 22320",22320,Tijuana,Baja California,Mexico,32.5371992,-117.0263901
195,ChIJ6_WbQEz224ARonoINLtJ6Oo,Event Designs Entertainment,,casino,"casino, point_of_interest, establishment","San Diego, CA 92127, USA 92127",92127,San Diego,California,United States,33.02274759999999,-117.1382404
196,ChIJY6kPF0VI2YAR4tRespx9dJU,Caliente,,casino,"casino, point_of_interest, establishment","P.º de los Héroes 10130, Zona Urbana Rio Tijuana, 22010 Tijuana, B.C., Mexico 22010",22010,Tijuana,Baja California,Mexico,32.5265806,-117.0184713
197,ChIJBUtQNxZI2YAR7ZiiYVXWyNo,GRAND ARENIA TIJUANA,,casino,"casino, point_of_interest, establishment","Blvd. Agua Caliente, Aviación 4558, Defensores de Baja California, 22014 Tijuana, B.C., Mexico 22014",22014,Tijuana,Baja California,Mexico,32.5129864,-117.0084107
198,ChIJkbaL_OMk-xQRf9mrEK61L3U,Caliente Casino,,casino,"casino, point_of_interest, establishment","Galerías Hipódromo, Blvd. Agua Caliente No. 11999-Local 104, Hipodromo, 22420 Tijuana, B.C., Mexico 22420",22420,Tijuana,Baja California,Mexico,32.5083808,-116.9918365
199,ChIJ1ZghcLtL2YARzsQL6iegwaI,Casino Caliente Playas,,casino,"casino, point_of_interest, establishment","Paseo Estrella del Mar 359 Locales 12-18 Tijuana, Playas, Playas Coronado, 22504 Sección Coronado, B.C., Mexico 22504",22504,Sección Coronado,Baja California,Mexico,32.5318301,-117.1130303
200,ChIJ4z9xCRZI2YARtSBrYX6eHZY,Caliente Casino Bávaro,,casino,"casino, point_of_interest, establishment","Av. Hipódromo 12027, Hipodromo Agua Caliente, 22020 Tijuana, B.C., Mexico 22020",22020,Tijuana,Baja California,Mexico,32.5039142,-116.9983215
201,ChIJwz5SIW042YAR3S3DAKhYaFs,Caliente CASINO,,casino,"casino, point_of_interest, establishment","Av. Ramón Alarid s/n, Gas y Anexas, 22115 Tijuana, B.C., Mexico 22115",22115,Tijuana,Baja California,Mexico,32.4972814,-116.9605283
202,ChIJrx_-1T052YARNSl4gjkK3Ck,Caliente,,casino,"casino, point_of_interest, establishment","Av de los Insurgentes 18055-Local A1, Rio Tijuana 3ra Etapa, 22226 Tijuana, B.C., Mexico 22226",22226,Tijuana,Baja California,Mexico,32.4947316,-116.9313629
203,ChIJie4Xzvqq3oARN_JuCmpG08Q,SOMA SAN DIEGO,,night_club,"night_club, point_of_interest, establishment","3350 Sports Arena Blvd suite I, San Diego, CA 92110, USA 92110",92110,San Diego,California,United States,32.7545903,-117.2089086
204,ChIJz_479dIO3IARSSMZDsd_eH8,Belly Up Tavern,2,night_club,"night_club, bar, point_of_interest, establishment","143 S Cedros Ave, Solana Beach, CA 92075, USA 92075",92075,Solana Beach,California,United States,32.9905893,-117.2704865
205,ChIJoURyw1lT2YARQo2InaztxQ8,Cafe Sevilla of San Diego,2,night_club,"night_club, bar, restaurant, point_of_interest, food, establishment","353 Fifth Ave, San Diego, CA 92101, USA 92101",92101,San Diego,California,United States,32.7089347,-117.1599693
206,ChIJ-WjoiL1U2YARRjBWbjJdeOM,Prado,3,night_club,"bar, night_club, restaurant, food, point_of_interest, establishment","1549 El Prado, San Diego, CA 92101, USA 92101",92101,San Diego,California,United States,32.7310935,-117.1499044
207,ChIJ65rt-9H424ARciS8gTJtjQ0,Goldfingers Gentlemen's club,,night_club,"night_club, point_of_interest, establishment","8660 Miramar Rd, San Diego, CA 92126, USA 92126",92126,San Diego,California,United States,32.8937956,-117.1376429
208,ChIJ7SIZEtQG3IAR2zdC0Xlb820,Drift La Jolla,,night_club,"bar, night_club, restaurant, food, point_of_interest, establishment","3777 La Jolla Village Dr, San Diego, CA 92122, USA 92122",92122,San Diego,California,United States,32.87077109999999,-117.2250213
209,ChIJH3qnMlhT2YARiLTh2eslL_A,The Shout! House,2,night_club,"bar, night_club, restaurant, food, point_of_interest, establishment","655 Fourth Ave, San Diego, CA 92101, USA 92101",92101,San Diego,California,United States,32.7121034,-117.1609128
210,ChIJm8ZuyFlT2YARvz0vAMQxuk4,Whiskey Girl,2,night_club,"night_club, bar, restaurant, food, point_of_interest, establishment","702 Fifth Ave, San Diego, CA 92101, USA 92101",92101,San Diego,California,United States,32.7127448,-117.1602753
211,ChIJS4xl21lT2YARGYzu2eh80zo,La Puerta,2,night_club,"night_club, bar, restaurant, point_of_interest, food, establishment","560 Fourth Ave, San Diego, CA 92101, USA 92101",92101,San Diego,California,United States,32.7112162,-117.1612498
212,ChIJ8aKflTSr3oAR-pSbTLFwINQ,Starlite,2,night_club,"bar, night_club, restaurant, food, point_of_interest, establishment","3175 India St, San Diego, CA 92103, USA 92103",92103,San Diego,California,United States,32.73645,-117.174989
213,ChIJn8N5QFhT2YARW_WojgoQYms,The Tipsy Crow,2,night_club,"bar, night_club, point_of_interest, establishment","770 Fifth Ave, San Diego, CA 92101, USA 92101",92101,San Diego,California,United States,32.7134696,-117.1603366
214,ChIJJe4eg_uq3oARogiOwlEzHs8,Pacers Showgirls International,,night_club,"night_club, restaurant, bar, point_of_interest, food, establishment","3334 Midway Dr, San Diego, CA 92110, USA 92110",92110,San Diego,California,United States,32.7505316,-117.2114866
215,ChIJSxsP-eMD3IARYwSOqrmSQG0,The Comedy Store - La Jolla,,night_club,"night_club, bar, point_of_interest, establishment","916 Pearl St, La Jolla, CA 92037, USA 92037",92037,San Diego,California,United States,32.8404504,-117.2732919
216,ChIJbThKdFhT2YARjTsZNkFL0m4,Vin de Syrah,2,night_club,"night_club, bar, food, point_of_interest, establishment","901 Fifth Ave, San Diego, CA 92101, USA 92101",92101,San Diego,California,United States,32.7148,-117.1599556
217,ChIJm8ZuyFlT2YARZXfA_KiPbGM,barleymash,2,night_club,"night_club, bar, restaurant, food, point_of_interest, establishment","600 Fifth Ave #6916, San Diego, CA 92101, USA 92101",92101,San Diego,California,United States,32.71169699999999,-117.16042
218,ChIJ5RkxLSSr3oARh2IH3nJD0Lg,Spin Nightclub,2,night_club,"night_club, point_of_interest, establishment","2028 Hancock St, San Diego, CA 92110, USA 92110",92110,San Diego,California,United States,32.7445721,-117.1881476
219,ChIJ-VCetFtT2YARLsCJsJCuQPM,Altitude Sky Lounge,2,night_club,"night_club, bar, restaurant, food, point_of_interest, establishment","660 K Street Atop, Gaslamp Marriott Quarter, 660 K St, San Diego, CA 92101, USA 92101",92101,San Diego,California,United States,32.7086154,-117.158506
220,ChIJfwwSfO0B3IAR8Z8WPUfbjKE,Firehouse American Eatery & Lounge,2,night_club,"night_club, bar, restaurant, food, point_of_interest, establishment","722 Grand Ave, San Diego, CA 92109, USA 92109",92109,San Diego,California,United States,32.79480240000001,-117.2555237
221,ChIJiekxVNHw24ARAiFJkcVeK3U,Carvers Steaks & Chops,3,night_club,"night_club, bar, restaurant, point_of_interest, food, establishment","11940 Bernardo Plaza Dr, San Diego, CA 92128, USA 92128",92128,San Diego,California,United States,33.0221718,-117.0732827
222,ChIJQ2H_xdxU2YARiSdmIOpaJ3c,Rich's,2,night_club,"night_club, bar, point_of_interest, establishment","1051 University Ave, San Diego, CA 92103, USA 92103",92103,San Diego,California,United States,32.74826279999999,-117.1540341
223,ChIJ9SUZTJx-hYARuXH-EbqeQjU,Hotel Shattuck Plaza,,night_club,"cafe, night_club, bar, lodging, restaurant, food, point_of_interest, establishment","2086 Allston Way, Berkeley, CA 94704, USA 94704",94704,Berkeley,California,United States,37.86918319999999,-122.2684195
224,ChIJxyGNjMeAj4ARPsZG3cEG1Jc,Yoshi's,2,night_club,"night_club, restaurant, bar, point_of_interest, food, establishment","510 Embarcadero West, Oakland, CA 94607, USA 94607",94607,Oakland,California,United States,37.7963889,-122.2788889
225,ChIJO2EGsrmAhYARdDfDm-uVTQQ,The Fillmore,3,night_club,"night_club, store, point_of_interest, establishment","1805 Geary Blvd, San Francisco, CA 94115, USA 94115",94115,San Francisco,California,United States,37.783926,-122.433072
226,ChIJsYeEyY-AhYARFukSYv7t_3Q,Jasper's Corner Tap and Kitchen,2,night_club,"night_club, bar, restaurant, point_of_interest, food, establishment","401 Taylor St, San Francisco, CA 94102, USA 94102",94102,San Francisco,California,United States,37.7861185,-122.4115102
227,ChIJc_iInSh-j4ARUkdU9Rr5lFI,DNA Lounge,2,night_club,"night_club, cafe, bar, restaurant, point_of_interest, food, establishment","375 11th St, San Francisco, CA 94103, USA 94103",94103,San Francisco,California,United States,37.7711099,-122.4127726
228,ChIJI56vzpaAhYARuopEz-SlLuU,Great American Music Hall,,night_club,"night_club, point_of_interest, establishment","859 O'Farrell St, San Francisco, CA 94109, USA 94109",94109,San Francisco,California,United States,37.7849611,-122.4188778
229,ChIJG6xND-WAhYARHeRmW0SCCaA,Bimbo's 365 Club,3,night_club,"night_club, point_of_interest, establishment","1025 Columbus Ave, San Francisco, CA 94133, USA 94133",94133,San Francisco,California,United States,37.8038622,-122.4157199
230,ChIJRwXhl4GAhYARKMdYXvUW1m8,1015 Folsom,2,night_club,"night_club, bar, point_of_interest, establishment","1015 Folsom St, San Francisco, CA 94103, USA 94103",94103,San Francisco,California,United States,37.7781117,-122.4058001
231,ChIJZYKHDZiAhYARXV0sNJgKAi8,Smuggler's Cove,2,night_club,"bar, night_club, point_of_interest, establishment","650 Gough St, San Francisco, CA 94102, USA 94102",94102,San Francisco,California,United States,37.7794028,-122.4233722
232,ChIJYx9e1yJ-j4AR6T2g6bdG1ss,The Valencia Room,1,night_club,"night_club, bar, restaurant, point_of_interest, food, establishment","647 Valencia St, San Francisco, CA 94110, USA 94110",94110,San Francisco,California,United States,37.7625064,-122.4214116
233,ChIJDZ0ZOPWAhYARkZFd-uCioMs,Bix,3,night_club,"night_club, bar, restaurant, food, point_of_interest, establishment","56 Gold St, San Francisco, CA 94133, USA 94133",94133,San Francisco,California,United States,37.79687120000001,-122.4029298
234,ChIJ421bSGGAhYARogZJrPFCrOU,Osha Thai Restaurant and Bar (Embarcadero),2,night_club,"night_club, meal_takeaway, bar, restaurant, food, point_of_interest, establishment","4 Embarcadero Ctr, San Francisco, CA 94111, USA 94111",94111,San Francisco,California,United States,37.794813,-122.3956538
235,ChIJO6fCZH-AhYARbmHHgxnFxB8,The Grand,3,night_club,"night_club, point_of_interest, establishment","520 4th St, San Francisco, CA 94107, USA 94107",94107,San Francisco,California,United States,37.7790996,-122.3979003
236,ChIJ8WWHCWCAhYARe-V1QBpRVAU,5A5,4,night_club,"night_club, bar, restaurant, point_of_interest, food, establishment","139 Steuart St, San Francisco, CA 94105, USA 94105",94105,San Francisco,California,United States,37.79289,-122.3924135
237,ChIJRcqFN4aAhYARSvdFY6nNytM,The Harlequin,2,night_club,"bar, night_club, restaurant, food, point_of_interest, establishment","68 4th St, San Francisco, CA 94103, USA 94103",94103,San Francisco,California,United States,37.7848813,-122.4050607
238,ChIJKxDUqJaAhYARLBAaqqtG1kc,Edinburgh Castle Pub,1,night_club,"bar, night_club, point_of_interest, establishment","950 Geary St, San Francisco, CA 94109, USA 94109",94109,San Francisco,California,United States,37.786127,-122.4189571
239,ChIJWYBpOYJ-hYARHM-pU3PMre4,The Starry Plough Pub,1,night_club,"night_club, bar, restaurant, food, point_of_interest, establishment","3101 Shattuck Ave., Berkeley, CA 94705, USA 94705",94705,Berkeley,California,United States,37.8530036,-122.2659776
240,ChIJJTVhTtZ_j4ARxpngmeH7DTc,District San Francisco,2,night_club,"restaurant, night_club, bar, point_of_interest, food, establishment","216 Townsend St, San Francisco, CA 94107, USA 94107",94107,San Francisco,California,United States,37.77863379999999,-122.3933195
241,ChIJT11eOWCAhYAR_z3tvyd03G0,The Punch Line San Francisco,2,night_club,"night_club, point_of_interest, store, establishment","444 Battery St, San Francisco, CA 94111, USA 94111",94111,San Francisco,California,United States,37.7953449,-122.3998769
242,ChIJzdMHHj1-j4ARCU4ZzZw5lBg,The Chapel,2,night_club,"bar, night_club, restaurant, food, point_of_interest, establishment","777 Valencia St, San Francisco, CA 94110, USA 94110",94110,San Francisco,California,United States,37.7604864,-122.4212979
243,ChIJw8YGcW0gTIYR8aBEMuk3LEI,Party Pizazz Productions,,casino,"casino, store, point_of_interest, establishment","7525 Malabar Ln, Dallas, TX 75230, USA 75230",75230,Dallas,Texas,United States,32.9076985,-96.77305849999999
244,ChIJF4YnsnZ5ToYRh2pbqqIVkL8,Casino Network,,casino,"casino, point_of_interest, establishment","2627 Gravel Dr, Fort Worth, TX 76118, USA 76118",76118,Fort Worth,Texas,United States,32.7968474,-97.2176114
245,ChIJdZuSRih4ToYRc3Vux7K_D34,Evolved Gaming Solutions,,casino,"casino, school, point_of_interest, establishment","5600 Straightaway Dr, Haltom City, TX 76117, USA 76117",76117,Haltom City,Texas,United States,32.8325786,-97.2636776
246,ChIJ3Sg0F5iDToYREE91S8fYi_g,Vegas Concepts - Casino Events Rentals North Texas,,casino,"casino, point_of_interest, establishment","1915 Peters Rd #301, Irving, TX 75061, USA 75061",75061,Irving,Texas,United States,32.8351314,-96.9118714
247,ChIJswM7hHOjToYRGQ9w8BrCxrs,Sam's Search Sweepstakes,,casino,"casino, point_of_interest, establishment","2814 Buckner Blvd, Dallas, TX 75227, USA 75227",75227,Dallas,Texas,United States,32.7597199,-96.6822986
248,ChIJUx8ywROhToYRAgbJE0WNn1g,Shuffle 214,,casino,"casino, point_of_interest, establishment","11411 E NW Hwy #111, Dallas, TX 75218, USA 75218",75218,Dallas,Texas,United States,32.8656935,-96.68246459999999
249,ChIJrVnn66CnToYRuH_k0TigSJU,Candles Games And Buttons,,casino,"casino, point_of_interest, establishment","3257 Karla Dr, Mesquite, TX 75150, USA 75150",75150,Mesquite,Texas,United States,32.82681969999999,-96.64850919999999
250,ChIJL-jRj8adToYRcaHF3xIb-bQ,Casinos International Inc,,casino,"casino, travel_agency, point_of_interest, establishment","1801 Royal Ln #608, Dallas, TX 75229, USA 75229",75229,Dallas,Texas,United States,32.8970405,-96.9171432
251,ChIJv1bVad-NToYR8x89hve9joU,Casino Rides of Dallas,,casino,"casino, travel_agency, point_of_interest, establishment","228 High Pointe Ln, Cedar Hill, TX 75104, USA 75104",75104,Cedar Hill,Texas,United States,32.613429,-96.94903099999999
252,ChIJe6HiMS19ToYR_dXz-UkXOvk,Incredible Events DFW,,casino,"casino, point_of_interest, food, establishment","4401 W Division St West, Arlington, TX 76012, USA 76012",76012,Arlington,Texas,United States,32.7316399,-97.1784595
253,ChIJeZYvJbd7ToYRAD4hyttBzZ8,Brentwood Stair Game Room,,casino,"casino, point_of_interest, establishment","6722 Brentwood Stair Rd, Fort Worth, TX 76112, USA 76112",76112,Fort Worth,Texas,United States,32.75401419999999,-97.2134193
254,ChIJM0zD9Nx6ToYRw6IWhK2kAC4,820 Arcade,,casino,"casino, store, point_of_interest, establishment","3705 E Loop 820 S, Fort Worth, TX 76119, USA 76119",76119,Fort Worth,Texas,United States,32.7084425,-97.2296879
255,ChIJPTuIc7pzToYR_c0jKeZczfc,MV Parties | Casino Themed Party Service in Fort Worth,,casino,"casino, point_of_interest, establishment","6800 Mesa Dr, North Richland Hills, TX 76182, USA 76182",76182,North Richland Hills,Texas,United States,32.8694099,-97.2310929
256,ChIJqXc4ZYFlToYRuCyhrVCSnvI,"Casino Parties, Inc.",,casino,"casino, point_of_interest, establishment","7509 Patsy Ct, Arlington, TX 76016, USA 76016",76016,Arlington,Texas,United States,32.6703917,-97.227007
257,ChIJ9c43oLd6ToYRsvbMyWBae-k,Trend Nation,,casino,"casino, point_of_interest, establishment","5043 Wilbarger St, Fort Worth, TX 76119, USA 76119",76119,Fort Worth,Texas,United States,32.6992421,-97.2462718
258,ChIJ6xTnyLZxToYR15SKSNLwfLE,Riverside Gameroom,,casino,"casino, point_of_interest, establishment","221 Riverside Dr, Fort Worth, TX 76111, USA 76111",76111,Fort Worth,Texas,United States,32.76364639999999,-97.30146859999999
259,ChIJU8sd1rhxToYRYqEsb7uidD0,Paradise GameRoom,,casino,"casino, point_of_interest, establishment","2101 Evans Ave, Fort Worth, TX 76104, USA 76104",76104,Fort Worth,Texas,United States,32.722428,-97.31805209999999
260,ChIJZ5o-djyZToYRniIJlDDbb_8,Perot Museum of Nature and Science,,museum,"tourist_attraction, museum, point_of_interest, establishment","2201 N Field St, Dallas, TX 75201, USA 75201",75201,Dallas,Texas,United States,32.7869429,-96.80658439999999
261,ChIJwQTJ3xWZToYRjooryEPLtOw,The Sixth Floor Museum at Dealey Plaza,2,museum,"tourist_attraction, museum, point_of_interest, establishment","411 Elm St, Dallas, TX 75202, USA 75202",75202,Dallas,Texas,United States,32.7798188,-96.8084842
262,ChIJe8S3giSZToYRsPXa5kCf8QY,Dallas Museum of Art,2,museum,"tourist_attraction, art_gallery, museum, point_of_interest, establishment","1717 N Harwood St, Dallas, TX 75201, USA 75201",75201,Dallas,Texas,United States,32.7876959,-96.8010444
263,ChIJTSIEVQ6fToYR6bFECcv6kD4,George W. Bush Presidential Center,,museum,"museum, tourist_attraction, library, park, point_of_interest, establishment","2943 SMU Boulevard, Dallas, TX 75205, USA 75205",75205,Dallas,Texas,United States,32.84118300000001,-96.778198
264,ChIJeU_zFuOYToYRf8w6yEOeq-w,Old City Park,,museum,"tourist_attraction, museum, point_of_interest, establishment","1515 S Harwood St, Dallas, TX 75215, USA 75215",75215,Dallas,Texas,United States,32.77275279999999,-96.78654399999999
265,ChIJnTv3iySZToYRSkGiX_2wUTs,Nasher Sculpture Center,,museum,"museum, tourist_attraction, point_of_interest, establishment","2001 Flora St, Dallas, TX 75201, USA 75201",75201,Dallas,Texas,United States,32.7881824,-96.8001567
266,ChIJ9fAt2oGeToYRkrk0DceyFdw,Frontiers of Flight Museum,,museum,"museum, tourist_attraction, store, point_of_interest, establishment","6911 Lemmon Ave, Dallas, TX 75209, USA 75209",75209,Dallas,Texas,United States,32.84260200000001,-96.835202
267,ChIJ6Z1bFhufToYRBLeMhBJF-gc,Meadows Museum,,museum,"tourist_attraction, museum, point_of_interest, establishment","5900 Bishop Blvd, Dallas, TX 75205, USA 75205",75205,Dallas,Texas,United States,32.838414,-96.78433299999999
268,ChIJgbHvxvmCToYRDMg1q3JIpA4,Irving Arts Center,,museum,"art_gallery, museum, point_of_interest, establishment","3333 N MacArthur Blvd, Irving, TX 75062, USA 75062",75062,Irving,Texas,United States,32.8503638,-96.9607558
269,ChIJcWjEMkUhTIYRcrMfZX8V-9g,Mary Kay Museum,,museum,"museum, point_of_interest, establishment","16251 Dallas Pkwy, Addison, TX 75001, USA 75001",75001,Addison,Texas,United States,32.9713936,-96.8226751
270,ChIJG912RfaAToYR2I4Z_qEqXA4,CR Smith Museum,,museum,"museum, point_of_interest, establishment","4601 Hwy 360 3, Rm. 1C-200, Fort Worth, TX 76155, USA 76155",76155,Fort Worth,Texas,United States,32.8332896,-97.0637047
271,ChIJMzsDcCSZToYRQeLWTH5j7tg,Crow Museum of Asian Art of The University of Texas at Dallas,,museum,"tourist_attraction, museum, point_of_interest, establishment","2010 Flora St, Dallas, TX 75201, USA 75201",75201,Dallas,Texas,United States,32.7878873,-96.79962049999999
272,ChIJF8JZ85sRTIYR9sVsbO94s4Q,Heard Natural Science Museum & Wildlife Sanctuary,,museum,"tourist_attraction, museum, park, point_of_interest, establishment","1 Nature Pl, McKinney, TX 75069, USA 75069",75069,McKinney,Texas,United States,33.1579212,-96.6151955
273,ChIJy86YxLifToYRQ6dxfNt2i0Q,Museum of Biblical Art,,museum,"tourist_attraction, museum, point_of_interest, establishment","7500 Park Ln, Dallas, TX 75225, USA 75225",75225,Dallas,Texas,United States,32.8705227,-96.776866
274,ChIJzUY3HC2ZToYRWJkwzyrypmQ,The MAC,,museum,"museum, point_of_interest, establishment","1503 S Ervay St, Dallas, TX 75215, USA 75215",75215,Dallas,Texas,United States,32.7718607,-96.78981189999999
275,ChIJ73mGt5aYToYRk2z9Mw_RD9E,African American Museum of Dallas,,museum,"tourist_attraction, museum, point_of_interest, establishment","3536 Grand Ave, Dallas, TX 75210, USA 75210",75210,Dallas,Texas,United States,32.7790574,-96.7644136
276,ChIJu7BxDUWZToYRSjFEtdgudc0,Dallas Contemporary,,museum,"tourist_attraction, museum, point_of_interest, establishment","161 Glass St, Dallas, TX 75207, USA 75207",75207,Dallas,Texas,United States,32.7903604,-96.8223033
277,ChIJ2TR_0-GYToYRvCqm2YiI0WQ,Dallas Scottish Rite,,museum,"library, museum, point_of_interest, establishment","500 S Harwood St, Dallas, TX 75201, USA 75201",75201,Dallas,Texas,United States,32.77918690000001,-96.7921878
278,ChIJIV-1ykyfToYRWmRcQh9OMwo,Aldredge House,,museum,"museum, point_of_interest, establishment","5500 Swiss Ave, Dallas, TX 75214, USA 75214",75214,Dallas,Texas,United States,32.8064016,-96.7640579
279,ChIJnTGkVpIYTIYRgPkEp770s_c,Heritage Farmstead Museum,,museum,"museum, tourist_attraction, park, point_of_interest, establishment","1900 W 15th St, Plano, TX 75075, USA 75075",75075,Plano,Texas,United States,33.01885519999999,-96.7310674
280,ChIJewC_pXH1XIYRRALtAYqQ8Lc,Barney Smith's Toilet Seat Art Museum,,museum,"tourist_attraction, museum, point_of_interest, establishment","5959 Grove Ln, The Colony, TX 75056, USA 75056",75056,The Colony,Texas,United States,33.0693262,-96.85769669999999
281,ChIJZ4fYrHZ9ToYRNEGu66qW4DA,Arlington Museum of Art,,museum,"tourist_attraction, museum, point_of_interest, establishment","1200 Ballpark Way, Arlington, TX 76011, USA 76011",76011,Arlington,Texas,United States,32.7552951,-97.0818547
282,ChIJ-bPy5JWYToYRplw7m5C2B24,The Women's Museum,,museum,"museum, tourist_attraction, point_of_interest, establishment","3800 Parry Ave, Dallas, TX 75210, USA 75210",75210,Dallas,Texas,United States,32.7828939,-96.7651322
283,ChIJvwYl-PU7TIYRShFDLDpL62w,Sci-Tech Discovery Center,,museum,"museum, point_of_interest, establishment","8004 Dallas Pkwy Suite 100, Frisco, TX 75034, USA 75034",75034,Frisco,Texas,United States,33.1437555,-96.83521669999999
284,ChIJiVS8tDcSTIYRUPwBSjHu7ec,Chestnut Square Historic Village,,museum,"tourist_attraction, museum, point_of_interest, establishment","315 S Chestnut St, McKinney, TX 75069, USA 75069",75069,McKinney,Texas,United States,33.194375,-96.613
285,ChIJwTJN6slAmYARgb0NL2uP9qw,Nevada Museum of Art,,museum,"tourist_attraction, museum, point_of_interest, establishment","160 W Liberty St, Reno, NV 89501, USA 89501",89501,Reno,Nevada,United States,39.5207823,-119.8134183
286,ChIJkSzJ-7RAmYARxL4UKwhNeBk,National Automobile Museum,,museum,"tourist_attraction, museum, point_of_interest, establishment","1 Museum Dr, Reno, NV 89501, USA 89501",89501,Reno,Nevada,United States,39.526224,-119.8083969
287,ChIJceIBeEhwmYARYgvhnPKam_Y,UC Davis Tahoe Environmental Research Center,,museum,"university, museum, point_of_interest, establishment","291 Country Club Dr, Incline Village, NV 89451, USA 89451",89451,Incline Village,Nevada,United States,39.24272149999999,-119.9395973
288,ChIJc1phmRnem4ARGie_chqtQJU,Donner Memorial State Museum,,museum,"museum, tourist_attraction, point_of_interest, establishment","12593 Donner Pass Rd, Truckee, CA 96161, USA 96161",96161,Truckee,California,United States,39.32413390000001,-120.2321081
289,ChIJf0bJtxdHmYARBYLWOPlvpwU,Wilbur D. May Center,,museum,"museum, tourist_attraction, park, store, point_of_interest, establishment","1595 N Sierra St, Reno, NV 89503, USA 89503",89503,Reno,Nevada,United States,39.5460619,-119.8254368
290,ChIJHc2t-BZHmYARJ9P3E9SMix0,Fleischmann Planetarium,,museum,"tourist_attraction, museum, point_of_interest, establishment","1664 N Virginia St, Reno, NV 89557, USA 89557",89557,Reno,Nevada,United States,39.5459068,-119.8194696
291,ChIJ9WzjSasPmYARzfUxyF79k3w,Comstock Firemen's Museum,,museum,"tourist_attraction, museum, point_of_interest, establishment","125 C St, Virginia City, NV 89440, USA 89440",89440,Virginia City,Nevada,United States,39.3090237,-119.6499163
292,ChIJceIBeEhwmYARUBGrQb9uHzo,UC Davis Tahoe Science Center,,museum,"tourist_attraction, museum, point_of_interest, establishment","291 Country Club Dr, Incline Village, NV 89451, USA 89451",89451,Incline Village,Nevada,United States,39.2428814,-119.9396311
293,ChIJ75kT9bZAmYARzx7MA58MpCU,The Discovery,,museum,"tourist_attraction, museum, point_of_interest, establishment","490 S Center St, Reno, NV 89501, USA 89501",89501,Reno,Nevada,United States,39.52176830000001,-119.8094121
294,ChIJsSJ63jhHmYAREx6hqT1xrrY,W. M Keck Earth Science And Mineral Engineering Museum,,museum,"museum, tourist_attraction, point_of_interest, establishment","1664 North Virginia Street, Mackay Mines, 057 Mail Stop 0168, Reno, NV 89557, USA 89557",89557,Reno,Nevada,United States,39.5392212,-119.8144189
295,ChIJE30AzipHmYAR7NWeWln_q-M,The Sensory Garden At Idlewild Park,,museum,"museum, tourist_attraction, point_of_interest, establishment","74 Cowan Dr, Reno, NV 89509, USA 89509",89509,Reno,Nevada,United States,39.5217021,-119.8331676
296,ChIJ23FX7uQOmYARIoFtcAf3GT0,Gold Hill Train Depot,,museum,"museum, point_of_interest, establishment","1455 N Main St, Silver City, NV 89428, USA 89428",89428,Silver City,Nevada,United States,39.2939521,-119.6575252
297,ChIJO3BeS0EEmYARgDV5aWYumy0,Republic of Molossia,,museum,"tourist_attraction, museum, point_of_interest, establishment","Republic of Molossia, 226 Mary Ln, Dayton, NV 89403, USA 89403",89403,Dayton,Nevada,United States,39.3229009,-119.5395228
298,ChIJdSrstNoHmYARR378JR-LWZ0,Historical Society of Dayton Valley,,museum,"tourist_attraction, museum, point_of_interest, establishment","135 Shady Ln, Dayton, NV 89403, USA 89403",89403,Dayton,Nevada,United States,39.2378825,-119.5925817
299,ChIJpwzIbb0KmYARHZy9lDIgfo0,Foreman-Roberts House Museum,,museum,"tourist_attraction, museum, point_of_interest, establishment","1207 N Carson St, Carson City, NV 89701, USA 89701",89701,Carson City,Nevada,United States,39.1718163,-119.7666228
300,ChIJv8jhkMDfm4AR4vP_kewzaPk,Truckee Railroad Museum,,museum,"museum, tourist_attraction, point_of_interest, establishment","10075 Donner Pass Rd, Truckee, CA 96161, USA 96161",96161,Truckee,California,United States,39.3273652,-120.1859477
301,ChIJbfBoOaIKmYARhnF8iie7kM0,Charlie B Gallery,,museum,"art_gallery, museum, home_goods_store, store, point_of_interest, establishment","114 W Telegraph St, Carson City, NV 89703, USA 89703",89703,Carson City,Nevada,United States,39.1660674,-119.7677227
302,ChIJmx5mVhKgmYARm2RBpzccKPg,Nevada State Railroad Museum,,museum,"tourist_attraction, museum, point_of_interest, establishment","2180 S Carson St, Carson City, NV 89701, USA 89701",89701,Carson City,Nevada,United States,39.148596,-119.7683
303,ChIJ9RHFZpx9mYARXIPJ5AU5pNQ,North Lake Tahoe Historical Society,,museum,"tourist_attraction, museum, point_of_interest, establishment","130 W Lake Blvd, Tahoe City, CA 96145, USA 96145",96145,Tahoe City,California,United States,39.1665653,-120.1435938
304,ChIJCYtW9KIKmYARnjkvTIPKQPE,Nevada State Museum,,museum,"museum, tourist_attraction, point_of_interest, establishment","600 N Carson St, Carson City, NV 89701, USA 89701",89701,Carson City,Nevada,United States,39.1678857,-119.76744
305,ChIJYyFFbcfhmoARMOsVN62KEZ8,Museum of Sierra Ski History,,museum,"museum, point_of_interest, establishment","760 N Lake Blvd # 2, Tahoe City, CA 96145, USA 96145",96145,Tahoe City,California,United States,39.1725503,-120.1369443
306,ChIJnTn_egcPmYARoTI9S_cjUjE,St Mary's Art Center,,museum,"art_gallery, museum, point_of_interest, establishment","55 R St, Virginia City, NV 89440, USA 89440",89440,Virginia City,Nevada,United States,39.30899540000001,-119.6403295
307,ChIJ6X0Z4zDem4AR_LCTQVzYDQo,KidZone Museum,,museum,"tourist_attraction, museum, point_of_interest, establishment","11711 Donner Pass Rd, Truckee, CA 96161, USA 96161",96161,Truckee,California,United States,39.3249011,-120.2140117
308,ChIJ9yyJl6IKmYARUZ4ZICUZKdg,Children's Museum of Northern Nevada,,museum,"tourist_attraction, museum, point_of_interest, establishment","813 N Carson St, Carson City, NV 89701, USA 89701",89701,Carson City,Nevada,United States,39.1689557,-119.7665236
309,ChIJ73XutFQOmYARFqlP9UECmzQ,Piper's Opera House,,museum,"museum, point_of_interest, establishment","12 B St, Virginia City, NV 89440, USA 89440",89440,Virginia City,Nevada,United States,39.3110133,-119.6502302
310,ChIJk2vl5NSGhYARwPGvs_ubIws,Exploratorium,,museum,"tourist_attraction, museum, point_of_interest, establishment","Pier 15 Embarcadero at, Green St, San Francisco, CA 94111, USA 94111",94111,San Francisco,California,United States,37.8016649,-122.397348
311,ChIJ5f7ZKtiGhYAR9WaYFS6bH1U,The Walt Disney Family Museum,,museum,"museum, tourist_attraction, point_of_interest, establishment","104 Montgomery St, San Francisco, CA 94129, USA 94129",94129,San Francisco,California,United States,37.8013783,-122.4586431
312,ChIJI7NivpmAhYARSuRPlbbn_2w,de Young Museum,,museum,"tourist_attraction, museum, point_of_interest, establishment","50 Hagiwara Tea Garden Dr, San Francisco, CA 94118, USA 94118",94118,San Francisco,California,United States,37.771469,-122.4686755
313,ChIJIUT7rEOHhYARucp3wM-HhBs,California Academy of Sciences,3,museum,"tourist_attraction, aquarium, museum, point_of_interest, establishment","55 Music Concourse Dr, San Francisco, CA 94118, USA 94118",94118,San Francisco,California,United States,37.76986459999999,-122.4660947
314,ChIJo4CyJiSEhYAR8hPieLXdyYs,Bay Area Discovery Museum,,museum,"tourist_attraction, museum, point_of_interest, establishment","557 McReynolds Rd, Sausalito, CA 94965, USA 94965",94965,Sausalito,California,United States,37.83564,-122.476809
315,ChIJabri1qyHhYARLE0Vd4zY_7k,Legion of Honor,,museum,"tourist_attraction, museum, point_of_interest, establishment","100 34th Ave, San Francisco, CA 94121, USA 94121",94121,San Francisco,California,United States,37.7844661,-122.5008419
316,ChIJ53I1Yn2AhYAR_Vl1vNygfMg,San Francisco Museum of Modern Art,,museum,"tourist_attraction, art_gallery, museum, point_of_interest, establishment","151 3rd St, San Francisco, CA 94103, USA 94103",94103,San Francisco,California,United States,37.7857182,-122.4010508
317,ChIJkQQVTZqAhYARHxPt2iJkm1Q,Asian Art Museum,,museum,"museum, point_of_interest, establishment","200 Larkin St, San Francisco, CA 94102, USA 94102",94102,San Francisco,California,United States,37.7802772,-122.4161605
318,ChIJQWTfqv2Aj4ARLl_3_ILxITE,"USS Hornet - Sea, Air and Space Museum",,museum,"museum, point_of_interest, establishment","707 W Hornet Ave, Alameda, CA 94501, USA 94501",94501,Alameda,California,United States,37.7726482,-122.3025322
319,ChIJD9KbIzWHj4AR1Mp5x7ZVBWs,Oakland Museum of California,,museum,"museum, cafe, park, food, point_of_interest, establishment","1000 Oak St, Oakland, CA 94607, USA 94607",94607,Oakland,California,United States,37.7987496,-122.2633654
320,ChIJ5abCmkWHhYARH3zgiLVc_Ew,Conservatory of Flowers,,museum,"museum, park, point_of_interest, establishment","100 John F Kennedy Dr, San Francisco, CA 94118, USA 94118",94118,San Francisco,California,United States,37.77261869999999,-122.4602558
321,ChIJMyjumCuGj4ARA0zS-YtL_tU,Chabot Space & Science Center,,museum,"tourist_attraction, museum, point_of_interest, establishment","10000 Skyline Blvd, Oakland, CA 94619, USA 94619",94619,Oakland,California,United States,37.81874739999999,-122.1807217
322,ChIJVVbd7z58hYARmsbuevROjI0,The Lawrence Hall of Science,,museum,"tourist_attraction, museum, point_of_interest, store, establishment","1 Centennial Dr, Berkeley, CA 94720, USA 94720",94720,Berkeley,California,United States,37.879205,-122.246517
323,ChIJWwSkVn2AhYARUQfWE_EJ9ZQ,Cartoon Art Museum,,museum,"tourist_attraction, museum, point_of_interest, establishment","781 Beach St, San Francisco, CA 94109, USA 94109",94109,San Francisco,California,United States,37.8063311,-122.4217929
324,ChIJQ4ofxYeAhYARnLQjgdsj76k,The Contemporary Jewish Museum,,museum,"tourist_attraction, museum, point_of_interest, establishment","736 Mission St, San Francisco, CA 94103, USA 94103",94103,San Francisco,California,United States,37.78600259999999,-122.403672
325,ChIJ1RXyM62hj4ARp0jUvcR7yzw,Filoli Historic House & Garden,,museum,"tourist_attraction, museum, park, point_of_interest, store, establishment","86 Cañada Rd, Woodside, CA 94062, USA 94062",94062,Woodside,California,United States,37.478643,-122.3114013
326,ChIJ77MvtQiij4ARUN77J8sg2Zk,Hiller Aviation Museum,,museum,"museum, tourist_attraction, point_of_interest, establishment","601 Skyway Rd, San Carlos, CA 94070, USA 94070",94070,San Carlos,California,United States,37.512718,-122.253009
327,ChIJW8rxBeqChYARWfqbXOI2lAk,Golden State Model Railroad Museum,,museum,"tourist_attraction, museum, point_of_interest, establishment","900-A Dornan Dr, Richmond, CA 94801, USA 94801",94801,Richmond,California,United States,37.9152949,-122.3834956
328,ChIJiQpTUcidj4ARTGD_teiggkI,CuriOdyssey,,museum,"tourist_attraction, zoo, museum, point_of_interest, establishment","1651 Coyote Point Dr, San Mateo, CA 94401, USA 94401",94401,San Mateo,California,United States,37.5907,-122.3196
329,ChIJlxXuGHthhYAR3CnS6Chu_Hk,Lindsay Wildlife Experience,,museum,"tourist_attraction, museum, point_of_interest, establishment","1931 1st Ave, Walnut Creek, CA 94597, USA 94597",94597,Walnut Creek,California,United States,37.923525,-122.0756889
330,ChIJYZvwbvjYEYgRccHIfn32GFU,Horseshoe Hammond Casino,,casino,"casino, lodging, point_of_interest, establishment","777 Casino Center Dr, Hammond, IN 46320, USA 46320",46320,Hammond,Indiana,United States,41.694271,-87.5070037
331,ChIJ6bTYpyK2D4gR2HcafV7QgIU,Rivers Casino Des Plaines,,casino,"casino, tourist_attraction, point_of_interest, establishment","3000 S River Rd, Des Plaines, IL 60018, USA 60018",60018,Des Plaines,Illinois,United States,41.99747170000001,-87.8644988
332,ChIJ_____w_cEYgR9FeH2s4t5CY,Ameristar Casino East Chicago,,casino,"casino, lodging, point_of_interest, establishment","777 Aldis Ave, East Chicago, IN 46312, USA 46312",46312,East Chicago,Indiana,United States,41.6523302,-87.4350393
333,ChIJkWgFCrszDogRsQi3Hjd9A-s,Town Hall Bowl and Banquet,,casino,"bowling_alley, casino, bar, restaurant, point_of_interest, food, establishment","5025 W 25th St, Cicero, IL 60804, USA 60804",60804,Cicero,Illinois,United States,41.8456,-87.7503
334,ChIJ5Xuc_qxaDogR_bQ1_kzdlM4,Tai San Chef,1,casino,"casino, bar, restaurant, point_of_interest, food, establishment","2813 83rd St, Darien, IL 60561, USA 60561",60561,Darien,Illinois,United States,41.735948,-88.013879
335,ChIJTeV1RYw3DogRxQXppqPN2ZQ,Davern's Tavern and Lounge,1,casino,"bar, night_club, casino, restaurant, food, point_of_interest, establishment","8527 W 79th St, Justice, IL 60458, USA 60458",60458,Justice,Illinois,United States,41.7470524,-87.8322788
336,ChIJsZk_KXwWDogRfmxpsWgQrkk,Credit Union 1 Amphitheatre,,casino,"casino, point_of_interest, establishment","19100 Ridgeland Ave, Tinley Park, IL 60477, USA 60477",60477,Tinley Park,Illinois,United States,41.5440748,-87.77653649999999
337,ChIJOYapstWyD4gR_KjoWI-9ugk,Ultimate Cigar Lounge,,casino,"casino, night_club, bar, store, point_of_interest, establishment","137 E N Ave, Villa Park, IL 60181, USA 60181",60181,Villa Park,Illinois,United States,41.90501099999999,-87.975139
338,ChIJ15reK2o7DogROWQtVgMPSxM,Red Shoes Billiards,1,casino,"casino, bar, store, restaurant, point_of_interest, food, establishment","12009 S Pulaski Rd, Alsip, IL 60803, USA 60803",60803,Alsip,Illinois,United States,41.6733866,-87.7178708
339,ChIJkQbgkW7ID4gRiW92hgvxrFE,Chasers Sports Bar & Grill,2,casino,"meal_delivery, bar, casino, restaurant, food, point_of_interest, establishment","9003 N Milwaukee Ave, Niles, IL 60714, USA 60714",60714,Niles,Illinois,United States,42.04436570000001,-87.8292924
340,ChIJRwjMyyivD4gR9ROET5ai4ss,Mug's Pizza & Ribs,1,casino,"casino, meal_delivery, bar, restaurant, point_of_interest, food, establishment","24 W Schaumburg Rd, Schaumburg, IL 60004, USA 60004",60004,Schaumburg,Illinois,United States,42.0276461,-88.0814461
341,ChIJGXtc89s5DogRxICX-43P4VU,Chicago Entertainment Tour 6,,casino,"casino, point_of_interest, establishment","7226 W 87th St, Bridgeview, IL 60455, USA 60455",60455,Bridgeview,Illinois,United States,41.7337183,-87.8016641
342,ChIJC6EACOKyD4gRrkx6cCF3hq8,CITGO,,casino,"gas_station, casino, liquor_store, store, point_of_interest, establishment","17W532 E Lake St, Addison, IL 60101, USA 60101",60101,Addison,Illinois,United States,41.92733270000001,-87.9726469
343,ChIJX6kdp0YxDogR7FzQSPypo24,Gas N Wash,,casino,"gas_station, casino, store, point_of_interest, establishment","4901 S Central Ave, Chicago, IL 60638, USA 60638",60638,Chicago,Illinois,United States,41.8035243,-87.76239319999999
344,ChIJ6wL6bkVKDogRL0e9kOoT5yY,Wild Wings & Slot$,,casino,"casino, night_club, cafe, restaurant, bar, point_of_interest, food, establishment","Free Rear Parking, 10446 W Cermak Rd, Westchester, IL 60154, USA 60154",60154,Westchester,Illinois,United States,41.84891090000001,-87.8836257
345,ChIJ6RC4SThLDogRyZZAYkKVS6c,Fireside Eats,,casino,"casino, restaurant, point_of_interest, food, establishment","5725 St Charles Rd D, Berkeley, IL 60163, USA 60163",60163,Berkeley,Illinois,United States,41.88911069999999,-87.91143389999999
346,ChIJaeNWyp85DogR3JaymvnK1DI,JAK's Place •Slots•Spirits•Food•,,casino,"casino, bar, point_of_interest, establishment","7000 W SW Hwy #103, Chicago Ridge, IL 60415, USA 60415",60415,Chicago Ridge,Illinois,United States,41.700837,-87.793714
347,ChIJn0V9_4o7DogRKVtp2ewBSmo,Lulu's Video Gaming Cafe,,casino,"casino, cafe, point_of_interest, food, establishment","5423 W 127th St, Crestwood, IL 60445, USA 60445",60445,Crestwood,Illinois,United States,41.66070799999999,-87.75387769999999
348,ChIJUcjEsfKzD4gRs6-0bC3fz5c,Jim & Tom's Restaurant,,casino,"casino, restaurant, point_of_interest, food, establishment","123 W Irving Park Rd, Bensenville, IL 60106, USA 60106",60106,Bensenville,Illinois,United States,41.9610061,-87.9426345
349,ChIJS1NBMKC3D4gRLe3Yn55ZoGQ,GSH Casino Parties,,casino,"casino, point_of_interest, establishment","605 Country Club Dr ste g, Bensenville, IL 60106, USA 60106",60106,Bensenville,Illinois,United States,41.97282069999999,-87.9534678
350,ChIJAUaBb109DogRvUbEETSPMN4,Ela'$ Wine N Slots,,casino,"casino, cafe, food, point_of_interest, establishment","4142 W 167th St #1, Oak Forest, IL 60452, USA 60452",60452,Oak Forest,Illinois,United States,41.5867819,-87.7170493
351,ChIJp1_Vz5I_DogRIck5WvK2Bns,Sam's Triple Crown,1,casino,"casino, bar, restaurant, food, point_of_interest, establishment","9121 W 159th St, Orland Hills, IL 60487, USA 60487",60487,Orland Hills,Illinois,United States,41.60086440000001,-87.8413848
352,ChIJmXFYtJWsD4gRQ_AprdcWfsk,Cadrex – Glendale Heights (Previously Elite Gaming Technologies),,casino,"casino, point_of_interest, establishment","310 Windy Point Dr, Glendale Heights, IL 60139, USA 60139",60139,Glendale Heights,Illinois,United States,41.9257232,-88.07403819999999
353,ChIJwSYmtRoVDogRx0ImvhEd-SY,K1 Paddock Lounge - Sports Bar & Restaurant,,casino,"casino, restaurant, bar, point_of_interest, food, establishment","8580 Springlake Dr 2nd Floor, Mokena, IL 60448, USA 60448",60448,Mokena,Illinois,United States,41.55017470000001,-87.82604979999999
354,ChIJgyYmtRoVDogRIljV0dUtN1Y,"K1 Speed - Indoor Go Karts, Corporate Event Venue, Team Building Activities",,casino,"casino, tourist_attraction, amusement_park, restaurant, food, point_of_interest, establishment","8580 Springlake Dr, Mokena, IL 60448, USA 60448",60448,Mokena,Illinois,United States,41.5502757,-87.8264301
355,ChIJV0AwM30rDogR2sd-X0cgErU,Field Museum,3,museum,"tourist_attraction, museum, point_of_interest, establishment","1400 S Lake Shore Dr, Chicago, IL 60605, USA 60605",60605,Chicago,Illinois,United States,41.86626100000001,-87.6169805
356,ChIJlUbZ4qMsDogR3tCinMzzKUg,The Art Institute of Chicago,3,museum,"museum, tourist_attraction, point_of_interest, establishment","111 S Michigan Ave, Chicago, IL 60603, USA 60603",60603,Chicago,Illinois,United States,41.8796031,-87.6223504
357,ChIJu_tp4r4sDogR_dRFCX8wCc8,Skydeck Chicago,,museum,"tourist_attraction, museum, point_of_interest, store, establishment","233 S Wacker Dr, Chicago, IL 60606, USA 60606",60606,Chicago,Illinois,United States,41.8788761,-87.635915
358,ChIJKXA7AlXTD4gRsvBFJ8wG9x4,Museum Of Contemporary Art Chicago,,museum,"tourist_attraction, museum, point_of_interest, establishment","220 E Chicago Ave, Chicago, IL 60611, USA 60611",60611,Chicago,Illinois,United States,41.8972114,-87.6209882
359,ChIJ3-7n58s0DogRje0JbyVFEYA,Frank Lloyd Wright Home & Studio,,museum,"museum, tourist_attraction, point_of_interest, establishment","951 Chicago Ave, Oak Park, IL 60302, USA 60302",60302,Oak Park,Illinois,United States,41.8940691,-87.79970279999999
360,ChIJsTi-rKAtDogRx9MnUyQcC7Q,National Museum of Mexican Art,,museum,"tourist_attraction, museum, point_of_interest, establishment","1852 W 19th St, Chicago, IL 60608, USA 60608",60608,Chicago,Illinois,United States,41.855979,-87.67280099999999
361,ChIJOYSQ5KfHD4gR9VuXp9uw2-c,Kohl Children's Museum,,museum,"museum, point_of_interest, establishment","2100 Patriot Blvd, Glenview, IL 60026, USA 60026",60026,Glenview,Illinois,United States,42.093938,-87.825586
362,ChIJ-VSaNEPBD4gRKyqG8-_zd5Y,Chicago Botanic Garden,,museum,"park, museum, point_of_interest, establishment","1000 Lake Cook Rd, Glencoe, IL 60022, USA 60022",60022,Glencoe,Illinois,United States,42.1464419,-87.7897516
363,ChIJbfsYvUPTD4gR0Xktc9scc08,Chicago History Museum,,museum,"tourist_attraction, museum, point_of_interest, establishment","1601 N Clark St, Chicago, IL 60614, USA 60614",60614,Chicago,Illinois,United States,41.9117293,-87.63167120000001
364,ChIJpSdwFDzSD4gRKj5-lxFaBN0,Lillstreet Art Center,,museum,"art_gallery, museum, point_of_interest, establishment","4401 N Ravenswood Ave, Chicago, IL 60640, USA 60640",60640,Chicago,Illinois,United States,41.96168,-87.6732641
365,ChIJx3dXo2vTD4gR2o_su-z0YPQ,Peggy Notebaert Nature Museum,,museum,"museum, point_of_interest, establishment","2430 N Cannon Dr, Chicago, IL 60614, USA 60614",60614,Chicago,Illinois,United States,41.9265655,-87.6348716
366,ChIJW23RRia0D4gRlL8HDSx0fLA,Chicago Children's Museum,3,museum,"tourist_attraction, museum, point_of_interest, establishment","700 E Grand Ave, Chicago, IL 60611, USA 60611",60611,Chicago,Illinois,United States,41.891408,-87.60914400000001
367,ChIJUauIhBYpDogRO5eZR9KA1pM,Frederick C. Robie House,,museum,"museum, tourist_attraction, point_of_interest, establishment","5757 S Woodlawn Ave, Chicago, IL 60637, USA 60637",60637,Chicago,Illinois,United States,41.7898178,-87.5959445
368,ChIJkRt1g1zTD4gR02niC58oU1c,International Museum of Surgical Science,,museum,"tourist_attraction, museum, point_of_interest, establishment","1524 N Lake Shore Dr, Chicago, IL 60610, USA 60610",60610,Chicago,Illinois,United States,41.9102904,-87.62662139999999
369,ChIJqSu41k3TD4gRmABKvdfKz94,Newberry Library,,museum,"library, tourist_attraction, museum, point_of_interest, establishment","60 W Walton St, Chicago, IL 60610, USA 60610",60610,Chicago,Illinois,United States,41.900043,-87.630617
370,ChIJP2M9MbwsDogRPXbe14aanVI,Federal Reserve Bank of Chicago,,museum,"finance, museum, point_of_interest, establishment","230 S La Salle St, Chicago, IL 60604, USA 60604",60604,Chicago,Illinois,United States,41.87827909999999,-87.6327408
371,ChIJXWmIuKMsDogRU9zDFF0QQ5M,Chicago Architecture Center,2,museum,"tourist_attraction, museum, point_of_interest, establishment","111 E Wacker Dr, Chicago, IL 60601, USA 60601",60601,Chicago,Illinois,United States,41.8880144,-87.62354739999999
372,ChIJ7RTc2m3QD4gRaLuIs7Ts4A8,Charles Gates Dawes House,,museum,"museum, tourist_attraction, point_of_interest, establishment","225 Greenwood St, Evanston, IL 60201, USA 60201",60201,Evanston,Illinois,United States,42.0430848,-87.6736744
373,ChIJi8YebArRD4gRm9Vy8SkvnqA,Loyola University Museum of Art (LUMA),,museum,"tourist_attraction, museum, point_of_interest, establishment","820 N Michigan Ave, Chicago, IL 60611, USA 60611",60611,Chicago,Illinois,United States,41.89732900000001,-87.6249946
374,ChIJTd2xv-gsDogRwsjfQO5V1eE,Jane Addams Hull-House Museum,,museum,"museum, tourist_attraction, point_of_interest, establishment","800 S Halsted St, Chicago, IL 60607, USA 60607",60607,Chicago,Illinois,United States,41.871626,-87.647437
375,ChIJ27kGFRYpDogRJo7kny13uNA,Institute for the Study of Ancient Cultures Museum,,museum,"tourist_attraction, museum, point_of_interest, establishment","1155 E 58th St, Chicago, IL 60637, USA 60637",60637,Chicago,Illinois,United States,41.78920350000001,-87.5974889
376,ChIJ9R0_ytQsDogRmywSXRu1VeQ,Intuit: The Center for Intuitive and Outsider Art,,museum,"tourist_attraction, art_gallery, museum, store, point_of_interest, establishment","756 N Milwaukee Ave, Chicago, IL 60642, USA 60642",60642,Chicago,Illinois,United States,41.8953619,-87.6545988
377,ChIJrceu-PXFD4gRQhX-b2Nl6yA,Illinois Holocaust Museum & Education Center,,museum,"tourist_attraction, museum, point_of_interest, establishment","9603 Woods Dr, Skokie, IL 60077, USA 60077",60077,Skokie,Illinois,United States,42.0565664,-87.7607786
378,ChIJHd8BYAopDogRBuMXc6oszA8,"Museum of Science and Industry, Chicago",,museum,"tourist_attraction, museum, point_of_interest, establishment","5700 S DuSable Lake Shore Dr, Chicago, IL 60637, USA 60637",60637,Chicago,Illinois,United States,41.7905726,-87.5830659
379,ChIJc2KLljkpDogRda8AsGdVjcA,DuSable Black History Museum and Education Center,,museum,"tourist_attraction, museum, point_of_interest, establishment","740 E 56th Pl, Chicago, IL 60637, USA 60637",60637,Chicago,Illinois,United States,41.7919444,-87.6072222
