Number,Id,Place,Price Range,Types,Address,Postal Code,City,State,Country,Latitude,Longitude
1,ChIJnaCSkq5AmYARh_c4dM7FxUA,Reno,,"locality, political","Reno, NV, USA ",,Reno,Nevada,United States,39.529919,-119.8142691
2,ChIJRYQdLTRHmYARu8Op-jB28TE,Silver Legacy Resort Casino,,"casino, lodging, point_of_interest, establishment","407 N Virginia St, Reno, NV 89501, USA 89501",89501,Reno,Nevada,United States,39.5304918,-119.8149946
3,ChIJ080StzVHmYARD-YbD1sKARw,Eldorado Reno Resort Casino,,"lodging, point_of_interest, establishment","345 N Virginia St, Reno, NV 89501, USA 89501",89501,Reno,Nevada,United States,39.5291595,-119.8146488
4,ChIJ8ZZtmjZHmYARPmy0CY53NYo,Circus Circus Reno,,"lodging, point_of_interest, establishment","500 N Sierra St, Reno, NV 89503, USA 89503",89503,Reno,Nevada,United States,39.5313968,-119.8156128
5,ChIJBzXVmTNHmYAR6ipRaf8zVCE,J Resort,,"casino, lodging, point_of_interest, establishment","345 N Arlington Ave, Reno, NV 89501, USA 89501",89501,Reno,Nevada,United States,39.5281442,-119.8188873
6,ChIJG7qnuls_mYARweP739kMgh8,Grand Sierra Resort and Casino,,"casino, night_club, movie_theater, lodging, bar, restaurant, food, point_of_interest, establishment","2500 E 2nd St, Reno, NV 89595, USA 89595",89595,Reno,Nevada,United States,39.5230411,-119.7812235
7,ChIJX8m41WY_mYAR7oBrdT7oP9M,"Holiday Inn Express & Suites Reno Airport, an IHG Hotel",,"lodging, point_of_interest, establishment","2375 Market St, Reno, NV 89502, USA 89502",89502,Reno,Nevada,United States,39.513984,-119.782839
8,ChIJ07LkRY9AmYARbPPabWOgb1I,Peppermill Resort Spa Casino,,"casino, spa, lodging, restaurant, food, point_of_interest, establishment","2707 S Virginia St, Reno, NV 89502, USA 89502",89502,Reno,Nevada,United States,39.4976865,-119.801139
9,ChIJxQpVnjo_mYARW9gkVzXSKgY,Nugget Casino Resort,,"casino, lodging, point_of_interest, establishment","1100 Nugget Ave, Sparks, NV 89431, USA 89431",89431,Sparks,Nevada,United States,39.53334069999999,-119.7582759
10,ChIJ38bZfCc_mYARVaorzvHHMps,Holiday Inn Reno-Sparks,,"lodging, point_of_interest, establishment","55 East Nugget Ave, Sparks, NV 89431, USA 89431",89431,Sparks,Nevada,United States,39.53340499999999,-119.742487
11,ChIJMaJjN_k_mYAR8qnfmPDSTuo,Courtyard by Marriott Reno,,"lodging, point_of_interest, establishment","6855 S Virginia St, Reno, NV 89511, USA 89511",89511,Reno,Nevada,United States,39.4643315,-119.7849038
12,ChIJkVAWfts-mYARIcOgGg3-Zpw,Western Village Inn & Casino,2,"casino, lodging, restaurant, point_of_interest, food, establishment","815 Nichols Blvd, Sparks, NV 89434, USA 89434",89434,Sparks,Nevada,United States,39.5344449,-119.7338224
13,ChIJY5H7s6SZ7ocRo0_nWCZdZj0,Ramada by Wyndham Reno Hotel & Casino,,"lodging, point_of_interest, establishment","1000 E 6th St, Reno, NV 89512, USA 89512",89512,Reno,Nevada,United States,39.5341343,-119.7995919
14,ChIJqXU_hIQ-mYARTZjPrA5S5bs,Fairfield Inn & Suites by Marriott Reno Sparks,,"lodging, point_of_interest, establishment","2085 Brierley Way, Sparks, NV 89434, USA 89434",89434,Sparks,Nevada,United States,39.52742019999999,-119.70249
15,ChIJ9yWvSmU_mYARaQTREKGfKQM,Airport Plaza Hotel,,"lodging, point_of_interest, establishment","1981 Terminal Wy, Reno, NV 89502, USA 89502",89502,Reno,Nevada,United States,39.50795840000001,-119.7784968
16,ChIJQxzyRspAmYARBwUtZLSTGHw,Legacy Vacation Resort Reno,,"lodging, point_of_interest, establishment","140 Court St, Reno, NV 89501, USA 89501",89501,Reno,Nevada,United States,39.5228373,-119.8138873
17,ChIJNcjn4BAVmYAROo63wmvb-kc,Hilton Garden Inn Reno,,"lodging, point_of_interest, establishment","9920 Double R Blvd, Reno, NV 89521, USA 89521",89521,Reno,Nevada,United States,39.44032840000001,-119.7583938
18,ChIJs41faGQ_mYAR83uilE_On10,La Quinta Inn by Wyndham Reno,,"lodging, point_of_interest, establishment","4001 Market St, Reno, NV 89502, USA 89502",89502,Reno,Nevada,United States,39.51008599999999,-119.7819519
19,ChIJRU7DkHw_mYARw0fHVzYApok,Comfort Inn & Suites Airport Convention Center,,"lodging, point_of_interest, establishment","1250 E Plumb Ln, Reno, NV 89502, USA 89502",89502,Reno,Nevada,United States,39.5048721,-119.7839971
20,ChIJk2yJCdQ-mYAR-W2FUJpZifE,Sparks,,"locality, political","Sparks, NV, USA ",,Sparks,Nevada,United States,39.5349112,-119.7526886
21,ChIJIQBpAG2ahYAR_6128GcTUEo,San Francisco,,"locality, political","San Francisco, CA, USA ",,San Francisco,California,United States,37.7749295,-122.4194155
22,ChIJU1XNrp-AhYARQSQHOG2Ixww,Edwardian Hotel,,"lodging, point_of_interest, establishment","1668 Market St, San Francisco, CA 94102, USA 94102",94102,San Francisco,California,United States,37.773537,-122.421751
23,ChIJFwX8xJ-AhYARsKrfcnyXwPI,San Francisco Central Hotel,,"lodging, point_of_interest, establishment","1707 Market St, San Francisco, CA 94103, USA 94103",94103,San Francisco,California,United States,37.7720017,-122.422066
24,ChIJAQ2zvpiAhYARTcxfopA7klQ,Hayes Valley Inn,,"lodging, point_of_interest, establishment","417 Gough St, San Francisco, CA 94102, USA 94102",94102,San Francisco,California,United States,37.77712580000001,-122.4231924
25,ChIJ1evvfZuAhYAR-beMvqFfSo4,Hotel Whitcomb,,"lodging, point_of_interest, establishment","1231 Market St, San Francisco, CA 94103, USA 94103",94103,San Francisco,California,United States,37.7781667,-122.4151667
26,ChIJsY43Vyh-j4ARxE8slGieV2w,Civic Center Motor Inn,,"lodging, point_of_interest, establishment","364 9th St, San Francisco, CA 94103, USA 94103",94103,San Francisco,California,United States,37.7725859,-122.4108229
27,ChIJkaxkTZeAhYARKUGHC1dMXAI,Embassy Hotel,,"lodging, point_of_interest, establishment","610 Polk St, San Francisco, CA 94102, USA 94102",94102,San Francisco,California,United States,37.7823889,-122.4188905
28,ChIJ-4Q_xoSAhYARK7VKNJdoKKM,Aida Plaza Hotel,,"lodging, point_of_interest, establishment","1087 Market St, San Francisco, CA 94103, USA 94103",94103,San Francisco,California,United States,37.7804985,-122.4120378
29,ChIJ70zQuZCAhYARdKqXrH-M97s,Phoenix Hotel,,"lodging, point_of_interest, establishment","601 Eddy St, San Francisco, CA 94109, USA 94109",94109,San Francisco,California,United States,37.78293049999999,-122.4178735
30,ChIJUyKWdIKAhYARwbu-VpwOBYM,Globe Hotel San Francisco SoMa,,"lodging, point_of_interest, establishment","10 Hallam St, San Francisco, CA 94103, USA 94103",94103,San Francisco,California,United States,37.7756659,-122.40861
31,ChIJl5npr173wIcRolGqauYlhVU,Kansas City,,"locality, political","Kansas City, MO, USA ",,Kansas City,Missouri,United States,39.0997265,-94.5785667
32,ChIJZZ1-w13wwIcR_ufbgQkI4Z4,"Hotel Phillips Kansas City, Curio Collection by Hilton",,"lodging, point_of_interest, establishment","106 W 12th St, Kansas City, MO 64105, USA 64105",64105,Kansas City,Missouri,United States,39.10011859999999,-94.5847012
33,ChIJN2mGbV3wwIcR_mgYDRBUXyg,Hilton President Kansas City,,"lodging, point_of_interest, establishment","1329 Baltimore Ave, Kansas City, MO 64105, USA 64105",64105,Kansas City,Missouri,United States,39.097553,-94.5842322
34,ChIJT4TFrF3wwIcRJ2YmBUaesXw,"Crowne Plaza Kansas City Downtown, an IHG Hotel",,"lodging, point_of_interest, establishment","1301 Wyandotte St, Kansas City, MO 64105, USA 64105",64105,Kansas City,Missouri,United States,39.0984039,-94.5853
35,ChIJG8-ZOlzwwIcRm6NwHfj6zZw,Kansas City Marriott Downtown,,"lodging, point_of_interest, establishment","200 W 12th St, Kansas City, MO 64105, USA 64105",64105,Kansas City,Missouri,United States,39.100454,-94.5862796
36,ChIJeW_NzxTwwIcRCdlNN2DcUY4,Sheraton Kansas City Hotel at Crown Center,,"lodging, point_of_interest, establishment","2345 McGee St, Kansas City, MO 64108, USA 64108",64108,Kansas City,Missouri,United States,39.0850522,-94.57980069999999
37,ChIJ_YIB2D_wwIcRBR5ANH7xfO0,The Westin Kansas City at Crown Center,,"lodging, point_of_interest, establishment","1 E Pershing Rd, Kansas City, MO 64108, USA 64108",64108,Kansas City,Missouri,United States,39.0833547,-94.5828389
38,ChIJqbdTahn6wIcRKrVVOrX4Zbc,Harrah's Kansas City,,"casino, tourist_attraction, lodging, point_of_interest, establishment","1 Riverboat Dr, North Kansas City, MO 64116, USA 64116",64116,North Kansas City,Missouri,United States,39.1422384,-94.5440163
39,ChIJxZdDFcTvwIcRsY5TYHSB3aU,Embassy Suites by Hilton Kansas City Plaza,,"lodging, point_of_interest, establishment","220 W 43rd St, Kansas City, MO 64111, USA 64111",64111,Kansas City,Missouri,United States,39.04978129999999,-94.589446
40,ChIJJYz41cPvwIcRUMg0vDkPr3w,"Seville Plaza Hotel, Trademark Collection by Wyndham",,"lodging, point_of_interest, establishment","4309 Main St, Kansas City, MO 64111, USA 64111",64111,Kansas City,Missouri,United States,39.04865869999999,-94.5862281
41,ChIJcbTe-KEKmYARKDjivYJsnPc,Carson City,,"locality, political","Carson City, NV, USA ",,Carson City,Nevada,United States,39.1637984,-119.7674034
42,ChIJf_jpwMXZm4ARb4ayNmqSM7M,Everline Resort and Spa,,"spa, lodging, restaurant, food, point_of_interest, establishment","400 Resort Road, Olympic Valley, CA 96146, USA 96146",96146,Olympic Valley,California,United States,39.1990628,-120.2181134
43,ChIJ54Y5fUdimYARoLTcEsksIoE,"The Ritz-Carlton, Lake Tahoe",3,"lodging, point_of_interest, establishment","13031 Ritz Carlton Highlands Ct, Truckee, CA 96161, USA 96161",96161,Truckee,California,United States,39.26726740000001,-120.1278387
44,ChIJO7BF1vZ9mYARlGr4AehwS3o,Sunnyside Restaurant & Lodge,2,"bar, restaurant, food, point_of_interest, establishment","1850 W Lake Blvd, Tahoe City, CA 96145, USA 96145",96145,Tahoe City,California,United States,39.1391494,-120.1539085
45,ChIJf4dTKbFkmYARvOji2gJewW0,Franciscan Lakeside Lodge,,"lodging, point_of_interest, establishment","6944 N Lake Blvd, Tahoe Vista, CA 96148, USA 96148",96148,Tahoe Vista,California,United States,39.2395282,-120.0492687
46,ChIJu5i67yx7mYARuzFWCdZHEPg,Crown Motel - Kings Beach,,"lodging, point_of_interest, establishment","8200 N Lake Blvd, Kings Beach, CA 96143, USA 96143",96143,Kings Beach,California,United States,39.2371214,-120.0280703
47,ChIJUUSgLIZ9mYARTjLjwd8wI74,Granlibakken Tahoe,,"spa, lodging, health, point_of_interest, establishment","725 Granlibakken Rd, Tahoe City, CA 96145, USA 96145",96145,Tahoe City,California,United States,39.15623480000001,-120.1542955
48,ChIJPSaP8OzZm4ARDxeFl_CIvjA,Palisades Tahoe,,"lodging, point_of_interest, establishment","1960 Squaw Valley Road, Olympic Valley, CA 96146, USA 96146",96146,Olympic Valley,California,United States,39.1906091,-120.2483913
49,ChIJ69zWRHR9mYARYJVHjyzSO8o,Pepper Tree Inn,,"lodging, point_of_interest, establishment","645 N Lake Blvd, Tahoe City, CA 96145, USA 96145",96145,Tahoe City,California,United States,39.1724347,-120.1395916
50,ChIJG_MAHWlimYARQhbFNZ29CPE,Northstar California Resort,,"tourist_attraction, lodging, restaurant, food, point_of_interest, establishment","5001 Northstar Dr, Truckee, CA 96161, USA 96161",96161,Truckee,California,United States,39.2646579,-120.1331868
51,ChIJOwg_06VPwokRYv534QaPC8g,New York,,"locality, political","New York, NY, USA ",,New York,New York,United States,40.7127753,-74.0059728
52,ChIJ7UBKbh9awokRsLNXAfxLoHs,Sonder Duane Street,,"lodging, point_of_interest, establishment","130 Duane St, New York, NY 10013, USA 10013",10013,New York,New York,United States,40.7159471,-74.0073669
53,ChIJ_1qwJx9awokRl0bFrNhhRBs,Smyth Tribeca,3,"lodging, point_of_interest, establishment","85 W Broadway, New York, NY 10007, USA 10007",10007,New York,New York,United States,40.715222,-74.009045
54,ChIJYSjtGB9awokRvtwfGw4UEpc,The Frederick Hotel,,"restaurant, bar, food, lodging, point_of_interest, establishment","95 W Broadway, New York, NY 10007, USA 10007",10007,New York,New York,United States,40.7156143,-74.00896709999999
55,ChIJh-L3uxlawokRDwLmkKwLIvY,Millennium Downtown New York,,"lodging, point_of_interest, establishment","55 Church St, New York, NY 10007, USA 10007",10007,New York,New York,United States,40.71111399999999,-74.010333
56,ChIJPTJohhdawokR5-M2cwZ2WDo,"Holiday Inn New York City - Wall Street, an IHG Hotel",,"lodging, point_of_interest, establishment","51 Nassau St, New York, NY 10038, USA 10038",10038,New York,New York,United States,40.70897670000001,-74.0091231
57,ChIJNfKP5xdawokRyCFSWap_ogE,"Gild Hall, A Thompson Hotel, by Hyatt",,"lodging, point_of_interest, establishment","15 Gold St, New York, NY 10038, USA 10038",10038,New York,New York,United States,40.7079177,-74.0072143
58,ChIJGcnS2CZawokR2T8vG-n1_5k,Hotel Mulberry,,"lodging, point_of_interest, establishment","52 Mulberry St, New York, NY 10013, USA 10013",10013,New York,New York,United States,40.7153105,-73.9994984
59,ChIJ-ziaVBZawokRj7B7C4qAWPY,Radisson Hotel New York Wall Street,,"lodging, point_of_interest, establishment","52 William St, New York, NY 10005, USA 10005",10005,New York,New York,United States,40.7067619,-74.0089447
60,ChIJteYXl4pZwokRyx61ICQfyH8,The Roxy Hotel New York,,"lodging, point_of_interest, establishment","2 6th Ave, New York, NY 10013, USA 10013",10013,New York,New York,United States,40.7191799,-74.00491629999999
61,ChIJi6c7nJ8M04kRMmBe5PUs3hk,Cheektowaga,,"locality, political","Cheektowaga, NY, USA ",,Cheektowaga,New York,United States,42.9071477,-78.7542892
62,ChIJc-_K993y04kR2vnEvsA9exc,Crazy Cheap Cars,,"car_repair, car_dealer, point_of_interest, store, establishment","8 Main St, Oakfield, NY 14125, USA 14125",14125,Oakfield,New York,United States,43.06670969999999,-78.2706213
63,ChIJh8UelZua04kR59lp0ZFKXQ8,Jan's Smoke & Craft Shop II,,"store, point_of_interest, establishment","383 Bloomingdale Rd, Akron, NY 14001, USA 14001",14001,Akron,New York,United States,43.0508406,-78.4511668
64,ChIJR4Y3qgx21IkRRsksxOgHdpU,Medina Railroad Museum,,"tourist_attraction, museum, point_of_interest, establishment","530 West Ave, Medina, NY 14103, USA 14103",14103,Medina,New York,United States,43.2183719,-78.3897394
65,ChIJpyiGbjiO04kR0L-GItZfBNg,Rez Smoke Shop,,"gas_station, restaurant, food, point_of_interest, clothing_store, store, establishment","986 Bloomingdale Rd, Basom, NY 14013, USA 14013",14013,Basom,New York,United States,43.06721690000001,-78.4165055
66,ChIJraJd1l6J04kR-iOgHJgdq6Y,Iroquois National Wildlife Refuge,,"tourist_attraction, park, point_of_interest, establishment","Casey Road, Basom, NY 14013, USA 14013",14013,Basom,New York,United States,43.1314403,-78.3939328
67,ChIJwQhGf97y04kRLuOHvvrv-Q4,M&T Bank,,"bank, finance, point_of_interest, establishment","54 Main St, Oakfield, NY 14125, USA 14125",14125,Oakfield,New York,United States,43.0675702,-78.27223769999999
68,ChIJtT6_qRp21IkRiqGzlwamlp8,Medina Junior-Senior High School,,"secondary_school, school, point_of_interest, establishment","2 Mustang Dr, Medina, NY 14103, USA 14103",14103,Medina,New York,United States,43.2095223,-78.3959833
69,ChIJ-by9Nht21IkRPiZz0yT8Tmo,ALDI,1,"supermarket, grocery_or_supermarket, food, point_of_interest, store, establishment","11248 Maple Ridge Rd, Medina, NY 14103, USA 14103",14103,Medina,New York,United States,43.2063138,-78.3957432
70,ChIJzcomvHKR04kRccYE-gNhsts,Subway,1,"meal_takeaway, restaurant, food, point_of_interest, establishment","8483 Alleghany Rd, Corfu, NY 14036, USA 14036",14036,Corfu,New York,United States,43.0009487,-78.4048516
71,ChIJTyNWieQOmYARhLY9EM2IKwI,Gold Hill Hotel and Crown Point Restaurant,,"bar, lodging, restaurant, food, point_of_interest, establishment","1540 S Main St, Virginia City, NV 89440, USA 89440",89440,Virginia City,Nevada,United States,39.292336,-119.657549
72,ChIJYx2zsKIKmYARQmmVN-2Wff8,Hardman House Hotel,,"lodging, point_of_interest, establishment","917 N Carson St, Carson City, NV 89701, USA 89701",89701,Carson City,Nevada,United States,39.1695453,-119.7666514
73,ChIJR6lmn4-rmYARpSwf_YDiGek,Como Post Office,,"post_office, finance, point_of_interest, establishment","Dayton, NV 89403, USA 89403",89403,Dayton,Nevada,United States,39.1717378,-119.4781175
74,ChIJTWrMICYLmYARSdrnRkntSqY,Hampton Inn & Suites Carson City,,"lodging, point_of_interest, establishment","10 Hospitality Way, Carson City, NV 89706, USA 89706",89706,Carson City,Nevada,United States,39.1990035,-119.7770423
75,ChIJxRcrbbgJmYARJJmJlskdsjM,Kit Kat Ranch a Legal Nevada Brothel,,"bar, point_of_interest, establishment","48 Kit Kat Dr, Mound House, NV 89706, USA 89706",89706,Mound House,Nevada,United States,39.2092973,-119.6630563
76,ChIJNycC0gqgmYARJXr-WDHrhkU,The Carson City Plaza Hotel & Events Center,,"lodging, point_of_interest, establishment","801 S Carson St, Carson City, NV 89701, USA 89701",89701,Carson City,Nevada,United States,39.1591058,-119.7663091
77,ChIJpXMSc70KmYARqxG6wBs1BVg,Rodeway Inn at Nevada State Capitol,,"lodging, point_of_interest, establishment","1300 N Carson St, Carson City, NV 89701, USA 89701",89701,Carson City,Nevada,United States,39.17188280000001,-119.7671847
78,ChIJq0hmQdgKmYARKll469ur0gQ,Holiday Inn Express & Suites Carson City,,"lodging, point_of_interest, establishment","4055 N Carson St, Carson City, NV 89706, USA 89706",89706,Carson City,Nevada,United States,39.195215,-119.775049
79,ChIJ0Wa0JFUOmYAR5JKK0iV_hCc,Edith Palmer's Country Inn,,"lodging, point_of_interest, establishment","416 B St, Virginia City, NV 89440, USA 89440",89440,Virginia City,Nevada,United States,39.3051787,-119.6524502
80,ChIJqxKN930KmYARYL8T-Yg7-OA,Gold Dust West-Carson City,,"casino, lodging, point_of_interest, establishment","2171 E William St, Carson City, NV 89701, USA 89701",89701,Carson City,Nevada,United States,39.1728498,-119.7436939
81,ChIJI-PDCGJcnIARET3hqz3A6wQ,Quincy,,"locality, political","Quincy, CA 95971, USA 95971",95971,Quincy,California,United States,39.9368363,-120.9471764
82,ChIJK5VhvLf-nIARZf-zYc4pFXE,Feather River College,,"university, point_of_interest, establishment","570 Golden Eagle Ave, Quincy, CA 95971, USA 95971",95971,Quincy,California,United States,39.9502368,-120.9692806
83,ChIJI-PDCGJcnIARYpW_xvazXjk,Plumas National Forest,,"tourist_attraction, park, point_of_interest, establishment","Junction Road, Quincy, CA 95971, USA 95971",95971,Quincy,California,United States,39.93106660000001,-120.8131449
84,ChIJnYgrujVrnIARh8N_jhQSA9w,Chalet View Lodge,,"lodging, food, point_of_interest, establishment","72056 CA-70, Blairsden-Graeagle, CA 96103, USA 96103",96103,Mabie,California,United States,39.7931129,-120.5314889
85,ChIJ1xWZURVDnIARlSw-MMoYOi4,Sierra Sky Lodge,,"lodging, point_of_interest, establishment","58585 CA-70, Cromberg, CA 96103, USA 96103",96103,Cromberg,California,United States,39.869779,-120.705656
86,ChIJR0ugbKX7nIARcXVPXmlRu_g,Rock Creek Campground,,"campground, park, lodging, point_of_interest, establishment","California, USA ",,,California,United States,39.9010022,-121.0238451
87,ChIJ5Z2VZazmnIAR27Z2umPtVLY,Bucks Lodge Campground,,"campground, park, lodging, point_of_interest, establishment","Meadow Valley, CA 95956, USA 95956",95956,Meadow Valley,California,United States,39.8793323,-121.1777387
88,ChIJ95UdjW7hnIARAMDw4GnqP4w,Sandy Point Day Use,,"campground, park, lodging, point_of_interest, establishment","California, USA ",,,California,United States,39.9046098,-121.1869059
89,ChIJvVw5LWvznIARC-hXmmFIBGY,Black Rock Campground,,"campground, park, lodging, point_of_interest, establishment","Strawberry Valley, CA 95981, USA 95981",95981,Strawberry Valley,California,United States,39.7293363,-121.0105105
90,ChIJaX2FiyjvnIAR5jbu0mLlGpA,Dan Beebe Campground,,"campground, park, lodging, point_of_interest, establishment","Meadow Valley, CA 95956, USA 95956",95956,Meadow Valley,California,United States,39.7779441,-121.1607926
91,ChIJE7MN7f8OmYARJpuaYFqe2oI,Virginia City Inn,,"lodging, point_of_interest, establishment","675 S C St, Virginia City, NV 89440, USA 89440",89440,Virginia City,Nevada,United States,39.3016925,-119.6532716
92,ChIJH-KwXIYKmYARWaMedgZA0no,The UPS Store,,"finance, store, point_of_interest, establishment","1894 E William St #4, Carson City, NV 89701, USA 89701",89701,Carson City,Nevada,United States,39.1739842,-119.7468483
93,ChIJ5XQAPFwKmYARYUFwch5hGJs,Carson City Airport,,"airport, point_of_interest, establishment","2600 College Parkway, Carson City, NV 89706, USA 89706",89706,Carson City,Nevada,United States,39.1911913,-119.7377798
94,ChIJXaBh5ZI_mYARyXbwoK017ds,Dogz Inc,,"point_of_interest, establishment","358 A St, Virginia City, NV 89440, USA 89440",89440,Virginia City,Nevada,United States,39.316195,-119.648802
95,ChIJTdz4XoEKmYARNlgK_o7zaIg,Carson High School,,"secondary_school, point_of_interest, school, establishment","1111 N Saliman Rd, Carson City, NV 89701, USA 89701",89701,Carson City,Nevada,United States,39.16872169999999,-119.7489378
96,ChIJnQoTj-4KmYARIg6q8Ai6UHM,Walmart Supercenter,1,"department_store, hardware_store, grocery_or_supermarket, electronics_store, furniture_store, clothing_store, bakery, home_goods_store, food, store, point_of_interest, establishment","3200 Market St, Carson City, NV 89706, USA 89706",89706,Carson City,Nevada,United States,39.1870798,-119.7576237
97,ChIJMZfSQxWgmYAR_dR_j4UacVs,"Motel 6 Carson City, NV",,"lodging, point_of_interest, establishment","2749 S Carson St, Carson City, NV 89701, USA 89701",89701,Carson City,Nevada,United States,39.1424428,-119.7669144
98,ChIJOwpIoLwHmYARXzhwZxlNoJA,Dayton High School,,"secondary_school, school, point_of_interest, establishment","335 Dayton Valley Rd, Dayton, NV 89403, USA 89403",89403,Dayton,Nevada,United States,39.23893909999999,-119.5722296
99,ChIJzcpWCtAHmYARM2Hxoanb31U,Dayton,,"locality, political","Dayton, NV, USA ",,Dayton,Nevada,United States,39.2371353,-119.5929521
100,ChIJ_0QW0F1il1QRS3uecQ6GOxo,Yakima,,"locality, political","Yakima, WA, USA ",,Yakima,Washington,United States,46.6020711,-120.5058987
101,ChIJw0prcJPXmVQRRk83XvRUK0s,Hilton Garden Inn Yakima Downtown,,"lodging, point_of_interest, establishment","401 E Yakima Ave, Yakima, WA 98901, USA 98901",98901,Yakima,Washington,United States,46.6036308,-120.5012788
102,ChIJwdY4tpjXmVQRpVabsUFb9GM,Oxford Suites Yakima,,"lodging, point_of_interest, establishment","1701 E Yakima Ave, Yakima, WA 98901, USA 98901",98901,Yakima,Washington,United States,46.6054736,-120.4795659
103,ChIJ9Tyu_pPXmVQRB3lm2TO4dFs,Red Lion Hotel Yakima Center,,"lodging, point_of_interest, establishment","607 E Yakima Ave, Yakima, WA 98901, USA 98901",98901,Yakima,Washington,United States,46.60481919999999,-120.4973196
104,ChIJyccNuSXYmVQRQbAKU7DcQhQ,Best Western Plus Yakima Hotel,,"lodging, point_of_interest, establishment","1614 N 1st St, Yakima, WA 98901, USA 98901",98901,Yakima,Washington,United States,46.62276860000001,-120.5125254
105,ChIJWaMQhCbYmVQR6GSG5rPUzC8,Days Inn by Wyndham Yakima,,"lodging, point_of_interest, establishment","1504 N 1st St, Yakima, WA 98901, USA 98901",98901,Yakima,Washington,United States,46.6209634,-120.5128541
106,ChIJAxIXiCbymVQRPb6YsLI8_BY,"Holiday Inn Express Ellensburg, an IHG Hotel",,"lodging, point_of_interest, establishment","1620 Canyon Rd, Ellensburg, WA 98926, USA 98926",98926,Ellensburg,Washington,United States,46.9768707,-120.5410039
107,ChIJtUstfrfXmVQRaSymx8CVyKw,Yakima County Stadium,,"stadium, point_of_interest, establishment","1301 S Fair Ave, Yakima, WA 98901, USA 98901",98901,Yakima,Washington,United States,46.5918553,-120.4847127
108,ChIJnfiSFWF9l1QRqjIxTNbo5nA,Parker Faller Field,,"point_of_interest, establishment","Yakima, WA 98902, USA 98902",98902,Yakima,Washington,United States,46.5860694,-120.5262306
109,ChIJO_P36JDXmVQRWQgOa7DUQ-o,"Holiday Inn Yakima, an IHG Hotel",,"lodging, point_of_interest, establishment","802 E Yakima Ave, Yakima, WA 98901, USA 98901",98901,Yakima,Washington,United States,46.6040554,-120.4946287
110,ChIJZbKQzNeGmIARYUPoGlDw4lU,Fallon,,"locality, political","Fallon, NV 89406, USA 89406",89406,Fallon,Nevada,United States,39.4748693,-118.7770407
111,ChIJkWsSf-eGmIAR9aaH0hSCy_0,Best Western Fallon Inn & Suites,,"lodging, point_of_interest, establishment","1035 W Williams Ave, Fallon, NV 89406, USA 89406",89406,Fallon,Nevada,United States,39.4745819,-118.790005
112,ChIJ30J_JNeGmIARoy--I2Hq9W0,Econo Lodge Fallon Naval Air Station Area,,"lodging, point_of_interest, establishment","70 E Williams Ave, Fallon, NV 89406, USA 89406",89406,Fallon,Nevada,United States,39.4744317,-118.7757468
113,ChIJnRwfeO-GmIARoeN6SzI5rx0,J C Penney Catalog Center,2,"department_store, store, point_of_interest, establishment","1855 W Williams Ave, Fallon, NV 89406, USA 89406",89406,Fallon,Nevada,United States,39.474945,-118.798417
114,ChIJvzH6AtqGmIARC_Gvf7lBJtQ,Value Inn,,"lodging, point_of_interest, establishment","180 W Williams Ave, Fallon, NV 89406, USA 89406",89406,Fallon,Nevada,United States,39.4752038,-118.7786929
115,ChIJI0_isO-GmIAR43r-hcD_U4c,3-Dimension Shipping,,"finance, point_of_interest, store, establishment","2040 Reno Hwy, Fallon, NV 89406, USA 89406",89406,Fallon,Nevada,United States,39.4772232,-118.802004
116,ChIJI_3LAMWGmIAR6-1oDhlFgys,Fallon Second Ward Bishops Office,,"church, place_of_worship, point_of_interest, establishment","450 N Taylor St, Fallon, NV 89406, USA 89406",89406,Fallon,Nevada,United States,39.481436,-118.780671
117,ChIJw1rhLe6GmIARM7132gzuXLc,Walgreens,2,"drugstore, convenience_store, health, food, point_of_interest, clothing_store, store, establishment","2020 Reno Hwy, Fallon, NV 89406, USA 89406",89406,Fallon,Nevada,United States,39.4770694,-118.8009462
118,ChIJTSRQmIuemIARmwqy7UZNFgg,Stillwater Wildlife Management Area,,"park, tourist_attraction, point_of_interest, establishment","Fallon, NV 89406, USA 89406",89406,Fallon,Nevada,United States,39.69102609999999,-118.724318
119,ChIJp1lroN2GmIARCcEeEmaNMZU,Subway,1,"meal_takeaway, restaurant, food, point_of_interest, establishment","915 W Williams Ave, Fallon, NV 89406, USA 89406",89406,Fallon,Nevada,United States,39.4745666,-118.7882659
120,ChIJh-zFki8_mYAR6y8yb6Y_GoM,Golden Gate Sparks Travel Plaza,,"gas_station, store, food, point_of_interest, establishment","500 NV-439, Sparks, NV 89437, USA 89437",89437,Sparks,Nevada,United States,39.5566836,-119.4910567
121,ChIJTZNsdF8imYARGkZFQN53Wyc,World Famous Mustang Ranch,,"spa, restaurant, point_of_interest, food, establishment","1011 Wild Horse Canyon Dr, Sparks, NV 89434, USA 89434",89434,Sparks,Nevada,United States,39.5447366,-119.5563719
122,ChIJe2itthnomIAROWIbVB1XO04,Chicabulls Apparel,,"clothing_store, store, point_of_interest, establishment","1600 E Newlands Dr, Fernley, NV 89408, USA 89408",89408,Fernley,Nevada,United States,39.610373,-119.212531
123,ChIJRZ8cY-8-mYARYKFPhGM5E9k,Food Bank of Northern Nevada,,"food, point_of_interest, establishment","550 Italy Dr, Sparks, NV 89437, USA 89437",89437,Sparks,Nevada,United States,39.5336989,-119.4754195
124,ChIJwx27_2v6mIARv6YD7GPLkXU,Silver Springs Airport,,"airport, point_of_interest, establishment","Airport, Silver Springs, NV 89429, USA 89429",89429,Silver Springs,Nevada,United States,39.4027141,-119.252499
125,ChIJDYI3ukz6mIARpUcrY9AS88s,U-Haul Neighborhood Dealer,1,"point_of_interest, establishment","3495 Onyx St, Silver Springs, NV 89429, USA 89429",89429,Silver Springs,Nevada,United States,39.397379,-119.278111
126,ChIJ3Tt2rATomIAR1dgvbWuJfxg,Super 8 by Wyndham Fernley,,"lodging, point_of_interest, establishment","1350 W Newlands Dr, Fernley, NV 89408, USA 89408",89408,Fernley,Nevada,United States,39.6108774,-119.2206818
127,ChIJ-4z5dAXomIAR7GAnpjsnwJk,Anytime Fitness,,"gym, point_of_interest, health, establishment","1201 Penny Ln, Fernley, NV 89408, USA 89408",89408,Fernley,Nevada,United States,39.6065216,-119.2232284
128,ChIJ46knqdrnmIARbxHb-GnYuPg,Lyon County School District,,"point_of_interest, local_government_office, establishment","1320 Us Highway 95A S, Fernley, NV 89408, USA 89408",89408,Fernley,Nevada,United States,39.5946659,-119.250138
129,ChIJQZWxMRvomIARO-UztGwELhQ,Walmart Supercenter,1,"department_store, hardware_store, electronics_store, bakery, grocery_or_supermarket, clothing_store, food, point_of_interest, furniture_store, home_goods_store, store, establishment","1550 E Newlands Dr, Fernley, NV 89408, USA 89408",89408,Fernley,Nevada,United States,39.610958,-119.2167358
130,ChIJRWpX6JCAhYAR0-VkB4jNLIw,Cova Hotel,,"lodging, point_of_interest, establishment","655 Ellis St, San Francisco, CA 94109, USA 94109",94109,San Francisco,California,United States,37.784051,-122.4168565
131,ChIJ3-p_5JyAhYARxG3PMASE10M,SoMa Park Inn,,"lodging, point_of_interest, establishment","101 9th St, San Francisco, CA 94103, USA 94103",94103,San Francisco,California,United States,37.7761695,-122.4143867
132,ChIJATqNJ52AhYARvk2tacdPX44,European Hostel,,"lodging, point_of_interest, establishment","761 Minna St, San Francisco, CA 94103, USA 94103",94103,San Francisco,California,United States,37.7762556,-122.4135621
133,ChIJmXUBVCh-j4ARVuty1I_ZRY0,San Francisco Inn,,"lodging, point_of_interest, establishment","385 9th St, San Francisco, CA 94103, USA 94103",94103,San Francisco,California,United States,37.7729354,-122.4102023
134,ChIJSRKcMJeAhYARYWSNsdlKAJM,Best Western Red Coach Inn,,"lodging, point_of_interest, establishment","700 Eddy St, San Francisco, CA 94109, USA 94109",94109,San Francisco,California,United States,37.7831768,-122.4195151
135,ChIJkyP7ByZ-j4ARmLwtGpDTgjk,Best Buy,2,"electronics_store, home_goods_store, store, point_of_interest, establishment","1717 Harrison St, San Francisco, CA 94103, USA 94103",94103,San Francisco,California,United States,37.7686504,-122.4129792
136,ChIJ3wcKRoKAhYARtj7ynldC-xE,City Center Inn & Suites,,"lodging, point_of_interest, establishment","240 7th St, San Francisco, CA 94103, USA 94103",94103,San Francisco,California,United States,37.7772775,-122.4087195
137,ChIJO7u9q5-AhYARiSSXyWv9eJ8,Zuni Café,3,"bar, cafe, restaurant, food, point_of_interest, establishment","1658 Market St, San Francisco, CA 94102, USA 94102",94102,San Francisco,California,United States,37.7736,-122.421608
138,ChIJd2spnJuAhYARhkuvhLCp3us,San Francisco Public Library,,"library, point_of_interest, establishment","100 Larkin St, San Francisco, CA 94102, USA 94102",94102,San Francisco,California,United States,37.77908189999999,-122.4157961
139,ChIJezBipoOAhYARUPnBLQwBmf0,SoMa,,"neighborhood, political","SoMa, San Francisco, CA, USA ",,San Francisco,California,United States,37.7850246,-122.4005003
140,ChIJnU6eVOFdlIAREbijSWRAEns,Fresno,,"locality, political","Fresno, CA, USA ",,Fresno,California,United States,36.7377981,-119.7871247
141,ChIJ23FKWBhelIARjKKOmZ4Lea0,La Quinta Inn by Wyndham Fresno Yosemite,,"lodging, point_of_interest, establishment","2926 Tulare St, Fresno, CA 93721, USA 93721",93721,Fresno,California,United States,36.7406929,-119.7800599
142,ChIJ2faDv2FnlIARN0BNcqY8-SM,Best Western Village Inn,,"lodging, point_of_interest, establishment","3110 N Blackstone Ave, Fresno, CA 93703, USA 93703",93703,Fresno,California,United States,36.7788992,-119.7893152
143,ChIJSVHOmmFdlIARgsh1CIFiOX0,Courtyard by Marriott Fresno,,"lodging, point_of_interest, establishment","140 E Shaw Ave, Fresno, CA 93710, USA 93710",93710,Fresno,California,United States,36.8108873,-119.786711
144,ChIJ178up1JdlIARsq-sK6IvghI,Homewood Suites by Hilton Fresno,,"lodging, point_of_interest, establishment","6820 N Fresno St, Fresno, CA 93710, USA 93710",93710,Fresno,California,United States,36.8363937,-119.7774766
145,ChIJy6MJeKxClIARg_U5fqRTYgo,Hampton Inn & Suites Fresno,,"lodging, point_of_interest, establishment","327 E Fir Ave, Fresno, CA 93720, USA 93720",93720,Fresno,California,United States,36.8384447,-119.7825571
146,ChIJV9qWjatClIAR26KaLaC62CE,"Holiday Inn Express & Suites Fresno (River Park) Hwy 41, an IHG Hotel",,"lodging, point_of_interest, establishment","7115 N Howard St, Fresno, CA 93720, USA 93720",93720,Fresno,California,United States,36.840002,-119.784182
147,ChIJZ1YsX71elIARYrVX_u3DTXo,Best Western Plus Fresno Airport Hotel,,"lodging, point_of_interest, establishment","1551 N Peach Ave, Fresno, CA 93727, USA 93727",93727,Fresno,California,United States,36.7641724,-119.7194471
148,ChIJj6vOnMxnlIAR3IBnuDkgMSY,Hotel Piccadilly,,"lodging, point_of_interest, establishment","2305 W Shaw Ave, Fresno, CA 93711, USA 93711",93711,Fresno,California,United States,36.8077171,-119.8331058
149,ChIJAwgjImVdlIARqP7XKAKZhaM,Best Western Plus Fresno Inn,,"lodging, point_of_interest, establishment","480 E Shaw Ave, Fresno, CA 93710, USA 93710",93710,Fresno,California,United States,36.8091945,-119.7802449
150,ChIJS5dFe_cZTIYRj2dH9qSb7Lk,Dallas,,"locality, political","Dallas, TX, USA ",,Dallas,Texas,United States,32.7766642,-96.79698789999999
151,ChIJXRad-_0YTIYRKcVKKlRjLuM,Ramada Limited Plano,,"lodging, point_of_interest, establishment","621 Central Pkwy E, Plano, TX 75074, USA 75074",75074,Plano,Texas,United States,33.0278333,-96.7071667
152,ChIJ4bd68kcZTIYRuZINEm8eYP8,"Candlewood Suites Dallas Plano East Richardson, an IHG Hotel",,"lodging, point_of_interest, establishment","2401 E President George Bush Hwy, Plano, TX 75074, USA 75074",75074,Plano,Texas,United States,33.00384,-96.6833382
153,ChIJLTEemEUZTIYRCJbsGzFoc-Q,Homewood Suites by Hilton Plano-Richardson,,"lodging, point_of_interest, establishment","2601 President George Bush Tpke, Plano, TX 75074, USA 75074",75074,Plano,Texas,United States,33.00357340000001,-96.6795333
154,ChIJF2Xp9aoZTIYRrhHnBiZqyEs,Best Buy,2,"electronics_store, home_goods_store, store, point_of_interest, establishment","2800 N Central Expy, Plano, TX 75074, USA 75074",75074,Plano,Texas,United States,33.035557,-96.70364699999999
155,ChIJo9rIrSsfTIYRaSsRQ946Rpw,Renaissance Dallas Richardson Hotel,,"lodging, point_of_interest, establishment","900 E Lookout Dr, Richardson, TX 75082, USA 75082",75082,Richardson,Texas,United States,32.9859484,-96.7098876
156,ChIJx59tSRoZTIYR0Td7GiP5QVo,Bel Air Downtown Apartments,,"real_estate_agency, point_of_interest, establishment","1410 K Ave 1105 A, Plano, TX 75074, USA 75074",75074,Plano,Texas,United States,33.0189147,-96.6990453
157,ChIJ8dtVxuUYTIYRD-l0AUbWyXo,Mastertech Auto Care,,"car_repair, point_of_interest, establishment","900 W 15th St B, Plano, TX 75075, USA 75075",75075,Plano,Texas,United States,33.0167408,-96.7146789
158,ChIJp3dQ2d0YTIYRAcHIyrrbHyw,AT&T Store,2,"store, point_of_interest, establishment","701 N Central Expy Ste 400, Plano, TX 75075, USA 75075",75075,Plano,Texas,United States,33.00952040000001,-96.7089888
159,ChIJ8dtVxuUYTIYRP6-A-ds3mFw,Dollar Tree,1,"grocery_or_supermarket, furniture_store, home_goods_store, point_of_interest, food, store, establishment","900 W 15th St #C, Plano, TX 75075, USA 75075",75075,Plano,Texas,United States,33.01779929999999,-96.715187
160,ChIJk0Y6PQAZTIYRHd6Y8fBUjGo,Rooms To Go,2,"furniture_store, home_goods_store, store, point_of_interest, establishment","2600 N Central Expy Ste A, Plano, TX 75074, USA 75074",75074,Plano,Texas,United States,33.0323476,-96.7060466
161,ChIJF7xXlxsZTIYRKJ216BfWa-Q,Urban Crust,2,"bar, restaurant, point_of_interest, food, establishment","1006 E 15th St, Plano, TX 75074, USA 75074",75074,Plano,Texas,United States,33.0194339,-96.700204
162,ChIJ8dtVxuUYTIYRhnITAVMw7Oo,Hobby Lobby,2,"home_goods_store, store, point_of_interest, establishment","900A W 15th St, Plano, TX 75075, USA 75075",75075,Plano,Texas,United States,33.017551,-96.715603
163,ChIJ4QG_dt0YTIYRULKw7m_sAHU,DENNIS Uniform,,"clothing_store, point_of_interest, store, establishment","700 Alma Dr #112, Plano, TX 75075, USA 75075",75075,Plano,Texas,United States,33.00972539999999,-96.7148617
164,ChIJOSltHuUYTIYRNErccxgT40k,DSW Designer Shoe Warehouse,2,"shoe_store, store, point_of_interest, establishment","801 W 15th St, Plano, TX 75075, USA 75075",75075,Plano,Texas,United States,33.0207128,-96.7153022
165,ChIJGdAe8_4YTIYRmeLf0ulPH6w,Fuzzy's Taco Shop,1,"restaurant, point_of_interest, food, establishment","2205 N Central Expy Suite 130, Plano, TX 75075, USA 75075",75075,Plano,Texas,United States,33.0297954,-96.709465
166,ChIJ4QG_dt0YTIYRdwvJZDsIUqo,Capt'n Dave's Seafood Market,,"restaurant, point_of_interest, food, establishment","700 Alma Dr, Plano, TX 75075, USA 75075",75075,Plano,Texas,United States,33.0093048,-96.7151939
167,ChIJ0d3gQh-ZToYRi0-naN_CWrY,Aaron Allred,,"lawyer, point_of_interest, establishment","1022 E 15th St, Plano, TX 75074, USA 75074",75074,Plano,Texas,United States,33.0194371,-96.69966509999999
168,ChIJE5XFE9ohTIYRK2DNiWQDqmI,Plano,,"locality, political","Plano, TX, USA ",,Plano,Texas,United States,33.0198431,-96.6988856
169,ChIJky0kQO3Zm4ARS-LlKBUjM1c,Palisades Tahoe Lodge Rentals,,"real_estate_agency, travel_agency, lodging, point_of_interest, establishment","201 Shirley Cyn Rd, Olympic Valley, CA 96146, USA 96146",96146,Olympic Valley,California,United States,39.1962706,-120.2378764
170,ChIJF0FX0n_Vm4ARBo60hkzXnF8,West Shore Cafe and Inn,3,"restaurant, food, point_of_interest, establishment","5160 W Lake Blvd, Homewood, CA 96141, USA 96141",96141,Homewood,California,United States,39.0855257,-120.1593452
171,ChIJo5Nk_7BkmYAR-LjchM7KeXU,Mourelatos Lakeshore Resort,,"lodging, point_of_interest, establishment","6834 N Lake Blvd, Tahoe Vista, CA 96148, USA 96148",96148,Tahoe Vista,California,United States,39.239968,-120.052065
172,ChIJ2-fhhezZm4ARSfbIwsu-tZg,The Village at Palisades Tahoe Hotel,,"lodging, point_of_interest, establishment","1750 Village East Rd, Olympic Valley, CA 96146, USA 96146",96146,Olympic Valley,California,United States,39.1972929,-120.2331331
173,ChIJecZ9wrZkmYARCS1EdpCv-Hw,Firelite Lodge,,"lodging, point_of_interest, establishment","7035 N Lake Blvd, Tahoe Vista, CA 96148, USA 96148",96148,Tahoe Vista,California,United States,39.2399635,-120.0477142
174,ChIJa9VaGfR9mYAR7AJbs7bQHrU,The Cottage Inn at Lake Tahoe,,"lodging, point_of_interest, establishment","1690 W Lake Blvd, Tahoe City, CA 96145, USA 96145",96145,Tahoe City,California,United States,39.141927,-120.15446
175,ChIJ2-fNmHR9mYARqi23ev68OUI,Basecamp Tahoe City,,"lodging, point_of_interest, establishment","955 N Lake Blvd, Tahoe City, CA 96145, USA 96145",96145,Tahoe City,California,United States,39.17471500000001,-120.1373523
176,ChIJ1dX2qkfXm4ARJXJAHWapnYk,Alpine Base Area at Palisades Tahoe,,"point_of_interest, establishment","2600 Alpine Meadows Rd, Alpine Meadows, CA 96146, USA 96146",96146,Alpine Meadows,California,United States,39.1646167,-120.2386861
177,ChIJJ_4R5TBimYARkVu-7H3-jSs,East West Hospitality Tahoe,,"real_estate_agency, travel_agency, point_of_interest, establishment","4001 Northstar Dr #4101, Truckee, CA 96161, USA 96161",96161,Truckee,California,United States,39.2756467,-120.1219777
178,ChIJ141OPOzfm4ARyfw0wYgvF20,Truckee,,"locality, political","Truckee, CA 96161, USA 96161",96161,Truckee,California,United States,39.327962,-120.1832533
179,ChIJ9TRDoBBawokR5gdcflPqvjE,"Club Quarters Hotel World Trade Center, New York",,"lodging, point_of_interest, establishment","140 Washington St, New York, NY 10006, USA 10006",10006,New York,New York,United States,40.7098307,-74.0140195
180,ChIJlYpIkBBawokRjyd8kYQpUrc,New York Marriott Downtown,,"lodging, point_of_interest, establishment","85 West Street At, Albany St, New York, NY 10006, USA 10006",10006,New York,New York,United States,40.7095206,-74.01448620000001
181,ChIJuydjIhZawokRG1-vnBMShEw,"Holiday Inn Express New York City-Wall Street, an IHG Hotel",,"lodging, point_of_interest, establishment","126 Water St, New York, NY 10005, USA 10005",10005,New York,New York,United States,40.7055616,-74.00718909999999
182,ChIJTWkuhfVZwokRvaommqZ2oqA,The Greenwich Hotel,3,"spa, lodging, point_of_interest, establishment","377 Greenwich St, New York, NY 10013, USA 10013",10013,New York,New York,United States,40.71982200000001,-74.00986069999999
183,ChIJ7xcL8z1awokRPFmLkB9tXHc,Eurostars Wall Street,,"lodging, point_of_interest, establishment","129 Front St, New York, NY 10005, USA 10005",10005,New York,New York,United States,40.7051238,-74.006147
184,ChIJbd_WExZawokRbBhzy1Hc4Ms,Hyatt Centric Wall Street New York,,"lodging, point_of_interest, establishment","75 Wall Street Entrance On, Water St, New York, NY 10005, USA 10005",10005,New York,New York,United States,40.7051691,-74.00802399999999
185,ChIJ-8HrdxtawokREfw5AkGs_Os,Conrad New York Downtown,,"lodging, point_of_interest, establishment","102 North End Ave, New York, NY 10282, USA 10282",10282,New York,New York,United States,40.7150355,-74.0158397
186,ChIJ53en5IpZwokR3FOXk9Da3gY,Sheraton Tribeca New York Hotel,,"lodging, point_of_interest, establishment","370 Canal St, New York, NY 10013, USA 10013",10013,New York,New York,United States,40.7206786,-74.0043767
187,ChIJgwIJ14pZwokRsaE1jN-3W_8,Hilton Garden Inn New York/Tribeca,,"lodging, point_of_interest, establishment","39 6th Ave, New York, NY 10013, USA 10013",10013,New York,New York,United States,40.72095830000001,-74.00542759999999
188,ChIJi4MZVIhZwokRPNvWbi-c0wI,Lower Manhattan,,"neighborhood, political","Lower Manhattan, New York, NY, USA ",,New York,New York,United States,40.7208595,-74.0006686
189,ChIJTZlVClkUkIARmRSv4HlvRug,Tracy,,"locality, political","Tracy, CA, USA ",,Tracy,California,United States,37.7395818,-121.4260018
190,ChIJKyXPQf0XkIAR-GWz8VerXbc,"Holiday Inn Express & Suites Tracy, an IHG Hotel",,"lodging, point_of_interest, establishment","3751 N Tracy Blvd, Tracy, CA 95304, USA 95304",95304,Tracy,California,United States,37.764129,-121.436906
191,ChIJ1fBrwgkYkIAREDdtihZ4zrc,Fairfield Inn by Marriott Tracy,,"lodging, point_of_interest, establishment","2410 Naglee Rd, Tracy, CA 95376, USA 95376",95376,Tracy,California,United States,37.7560324,-121.46115
192,ChIJASh3smUVkIAR0GIABSyzdD8,Hampton Inn & Suites Lathrop,,"lodging, point_of_interest, establishment","103 E Louise Ave, Lathrop, CA 95330, USA 95330",95330,Lathrop,California,United States,37.812579,-121.2933862
193,ChIJQVh5C2wVkIARnctW2Ji-5Cg,"Holiday Inn Express & Suites Lathrop, an IHG Hotel",,"lodging, point_of_interest, establishment","15688 S Harlan Rd, Lathrop, CA 95330, USA 95330",95330,Lathrop,California,United States,37.819458,-121.2912538
194,ChIJk0sl7AkYkIARxpF0mgD7stA,Hampton Inn Tracy,,"lodging, point_of_interest, establishment","2400 Naglee Rd, Tracy, CA 95376, USA 95376",95376,Tracy,California,United States,37.756054,-121.461919
195,ChIJ45qcIfpAkIARpBBmpoLP-s0,Hampton Inn & Suites Manteca,,"lodging, point_of_interest, establishment","1461 Bass Pro Dr, Manteca, CA 95336, USA 95336",95336,Manteca,California,United States,37.7799385,-121.2264884
196,ChIJlWkiIFY9kIARVvv-x8dekMk,Microtel Inn & Suites by Wyndham Tracy,,"lodging, point_of_interest, establishment","861 W Clover Rd, Tracy, CA 95376, USA 95376",95376,Tracy,California,United States,37.7620119,-121.438551
197,ChIJdXtQ4lc9kIARQSa0F_yNneo,"Motel 6 Tracy, CA",,"lodging, point_of_interest, establishment","3810 N Tracy Blvd, Tracy, CA 95304, USA 95304",95304,Tracy,California,United States,37.7639514,-121.4336989
198,ChIJYQVrMVY9kIARNNgcmedrEVM,Best Western Luxury Inn,,"lodging, point_of_interest, establishment","811 W Clover Rd, Tracy, CA 95376, USA 95376",95376,Tracy,California,United States,37.7618517,-121.437659
199,ChIJ5VCVXGQVkIARo_vqjzNBBxk,Quality Inn & Suites Lathrop,,"lodging, point_of_interest, establishment","16855 S Harlan Rd, Lathrop, CA 95330, USA 95330",95330,Lathrop,California,United States,37.8109375,-121.2935831
200,ChIJg_NvtA4YkIAR9cBa-DbfSUk,West Valley Mall,,"shopping_mall, point_of_interest, establishment","3200 Naglee Rd, Tracy, CA 95304, USA 95304",95304,Tracy,California,United States,37.7600307,-121.45818
201,ChIJA7EMHhc9kIAREdk3nGKGtdE,Tracy High School,,"secondary_school, school, point_of_interest, establishment","315 E 11th St, Tracy, CA 95376, USA 95376",95376,Tracy,California,United States,37.74049009999999,-121.4202514
202,ChIJO-CYnwg9kIARlP2lnuxYC-Y,Amazon Fulfillment Center,,"storage, point_of_interest, establishment","1555 N Chrisman Rd, Tracy, CA 95376, USA 95376",95376,Tracy,California,United States,37.7454015,-121.4049513
203,ChIJXcaxBAsYkIARKzeCoMtQGGk,The Home Depot,1,"hardware_store, furniture_store, home_goods_store, store, point_of_interest, establishment","2461 Naglee Rd, Tracy, CA 95304, USA 95304",95304,Tracy,California,United States,37.7565131,-121.4681529
204,ChIJg_NvtA4YkIARqA8uKwmWh5Y,Charlotte Russe,2,"clothing_store, shoe_store, store, point_of_interest, establishment","3200 Naglee Rd Unit 516, Tracy, CA 95304, USA 95304",95304,Tracy,California,United States,37.760534,-121.458925
205,ChIJxbZARndAkIARuyxeQ5djEVE,Big League Dreams Manteca,,"bar, restaurant, food, point_of_interest, establishment","1077 Milo Candini Dr, Manteca, CA 95337, USA 95337",95337,Manteca,California,United States,37.78825219999999,-121.2591135
206,ChIJFQwthHdAkIARKBfLxsEAg9g,Costco Wholesale,2,"department_store, store, point_of_interest, establishment","2440 Daniels St, Manteca, CA 95337, USA 95337",95337,Manteca,California,United States,37.7852445,-121.2606653
207,ChIJY1x3Dw4YkIARKYERHX-Qxjs,Finish Line,2,"shoe_store, clothing_store, store, point_of_interest, establishment","3200 Naglee Rd, Tracy, CA 95304, USA 95304",95304,Tracy,California,United States,37.75971,-121.4577408
208,ChIJCUWMJENAkIARjMxOe6Wp4p0,Manteca,,"locality, political","Manteca, CA, USA ",,Manteca,California,United States,37.7974273,-121.2160526
209,ChIJWdeZQOjKwoARqo8qxPo6AKE,Long Beach,,"locality, political","Long Beach, CA, USA ",,Long Beach,California,United States,33.7700504,-118.1937395
210,ChIJrZ1UJtMt3YARSWCo5PcsGCM,La Quinta Inn & Suites by Wyndham NE Long Beach/Cypress,,"lodging, point_of_interest, establishment","12441 E Carson St, Hawaiian Gardens, CA 90716, USA 90716",90716,Hawaiian Gardens,California,United States,33.8319457,-118.0663088
211,ChIJd2gVOf8s3YARX_SOrjse-b4,Sheraton Cerritos Hotel,,"lodging, point_of_interest, establishment","12725 Center Ct Dr S, Cerritos, CA 90703, USA 90703",90703,Cerritos,California,United States,33.8684331,-118.0605969
212,ChIJga_fPm4s3YARw4ksteq2PfE,La Quinta Inn & Suites by Wyndham Buena Park,,"lodging, point_of_interest, establishment","3 Centerpointe Dr, La Palma, CA 90623, USA 90623",90623,La Palma,California,United States,33.8604545,-118.0315539
213,ChIJ63iqXeku3YARbVm1YYr0zJA,Residence Inn by Marriott Cypress Los Alamitos,,"lodging, point_of_interest, establishment","4931 Katella Ave, Los Alamitos, CA 90720, USA 90720",90720,Los Alamitos,California,United States,33.803732,-118.0468964
214,ChIJ01U8XsUu3YARPS5xM2trcvY,Courtyard by Marriott Cypress Anaheim/Orange County,,"lodging, point_of_interest, establishment","5865 Katella Ave, Cypress, CA 90630, USA 90630",90630,Cypress,California,United States,33.803009,-118.031037
215,ChIJ539XJnQt3YARx_PLXvgj8rI,Los Cerritos Center,,"shopping_mall, clothing_store, store, restaurant, point_of_interest, food, establishment","239 Los Cerritos Center, Cerritos, CA 90703, USA 90703",90703,Cerritos,California,United States,33.8622482,-118.0948809
216,ChIJhXTwOsUt3YAR-PA2oskCbLY,The Gardens Casino,,"casino, tourist_attraction, bar, restaurant, point_of_interest, food, establishment","11871 E Carson St, Hawaiian Gardens, CA 90716, USA 90716",90716,Hawaiian Gardens,California,United States,33.83232760000001,-118.0801382
217,ChIJMXdzw8It3YAR-Et9v80RmXI,Regal Edwards Long Beach,,"movie_theater, point_of_interest, establishment","7501 E Carson St, Long Beach, CA 90808, USA 90808",90808,Long Beach,California,United States,33.830425,-118.08686
218,ChIJA_uIamMu3YARlDOP0LSfFI8,Los Alamitos High School,,"secondary_school, school, point_of_interest, establishment","3591 W Cerritos Ave, Los Alamitos, CA 90720, USA 90720",90720,Los Alamitos,California,United States,33.8127095,-118.0692514
