Number,Id,Place,Price Range,Types,Address,Postal Code,City,State,Country,Latitude,Longitude
1,ChIJNYWglQe9yIARTLL8Kh3YznQ,Red Rock Canyon National Conservation Area,0,"tourist_attraction, park, point_of_interest, establishment","Mountain Springs, NV 89161, USA 89161",89161,Mountain Springs,Nevada,United States,36.19442729999999,-115.4382967
2,ChIJw-kyrhLQyIARSc6LQyVwvek,Ethel M Chocolates Factory & Cactus Garden,,"tourist_attraction, park, store, food, point_of_interest, establishment","2 Cactus Garden Dr, Henderson, NV 89014, USA 89014",89014,Henderson,Nevada,United States,36.0736632,-115.0717805
3,ChIJs7o29VhWhYARRPBK1YKwkQo,Antioch/Oakley Regional Shoreline,,"park, tourist_attraction, point_of_interest, establishment","Bridgehead Rd At Wilbur Ave, Antioch, CA 94509, USA 94509",94509,Antioch,California,United States,38.01852769999999,-121.7510717
4,ChIJP40E40Toj4ARde_vhOcsrRY,Shadow Cliffs Regional Recreation Area,,"park, tourist_attraction, point_of_interest, establishment","2500 Stanley Blvd, Pleasanton, CA 94566, USA 94566",94566,Pleasanton,California,United States,37.6692998,-121.841661
5,ChIJoynzICgLkIARkhDrVS_BzCY,Micke Grove Zoo,,"zoo, tourist_attraction, park, point_of_interest, establishment","11793 Micke Grove Rd, Lodi, CA 95240, USA 95240",95240,Lodi,California,United States,38.0785377,-121.2740797
6,ChIJL_uklYlYhYARvn-qbtZlcDA,Black Diamond Mines Regional Preserve,,"park, tourist_attraction, point_of_interest, establishment","5175 Somersville Rd, Antioch, CA 94509, USA 94509",94509,Antioch,California,United States,37.9564166,-121.8496605
7,ChIJq8zbUVfZj4ARXnnY8B4eaEo,Del Valle Regional Park,,"park, tourist_attraction, point_of_interest, establishment","7000 Delvalle, Livermore, CA 94550, USA 94550",94550,Livermore,California,United States,37.5945139,-121.7089375
8,ChIJU-NialPcj4ARguqX0YrZC1s,Sycamore Grove Park,,"park, point_of_interest, establishment","1051 Wetmore Rd, Livermore, CA 94550, USA 94550",94550,Livermore,California,United States,37.6449479,-121.7823958
9,ChIJD-RCVGVEkIARl5_RR-N9beU,Mistlin Sports Park,,"park, tourist_attraction, point_of_interest, establishment","1201 River Rd, Ripon, CA 95366, USA 95366",95366,Ripon,California,United States,37.76436039999999,-121.1364201
10,ChIJi9DbctXoj4ARpxXIpGGbiEY,Fallon Sports Park,,"park, tourist_attraction, point_of_interest, establishment","4605 Lockhart St, Dublin, CA 94568, USA 94568",94568,Dublin,California,United States,37.712782,-121.8547145
11,ChIJeU-ClX7nj4ARi9-qfMPs0eM,Robertson Park,,"park, tourist_attraction, point_of_interest, establishment","3200 Robertson Park Rd, Livermore, CA 94550, USA 94550",94550,Livermore,California,United States,37.669365,-121.7558772
12,ChIJJdZGuRZGkIAREvzl04rgPG8,Caswell Memorial State Park,,"tourist_attraction, park, point_of_interest, establishment","28000 S Austin Rd, Ripon, CA 95366, USA 95366",95366,Ripon,California,United States,37.693819,-121.1874767
13,ChIJUf-fYiqcmYARR_qq5LMc4tE,Sand Harbor,,"tourist_attraction, park, point_of_interest, establishment","2005 NV-28, Incline Village, NV 89452, USA 89452",89452,Incline Village,Nevada,United States,39.1984978,-119.9322541
14,ChIJo2Nmnendm4ARj481jtREXpI,Donner Memorial State Park,,"tourist_attraction, park, point_of_interest, establishment","12593 Donner Pass Rd, Truckee, CA 96161, USA 96161",96161,Truckee,California,United States,39.3159261,-120.239782
15,ChIJOdICOBtHmYARerbM0vA194Y,Rancho San Rafael Regional Park,,"park, tourist_attraction, point_of_interest, establishment","1595 N Sierra St, Reno, NV 89503, USA 89503",89503,Reno,Nevada,United States,39.5456988,-119.8239912
16,ChIJicICWTLgm4ARbz46tR1937E,Lakeside Campground,,"campground, lodging, park, point_of_interest, establishment","Lakeside Campground Rd, Truckee, CA 96161, USA 96161",96161,Truckee,California,United States,39.383672,-120.1729703
17,ChIJ84COv-9DmYARAaHE3BXMLks,Hunter Creek Trailhead,,"park, point_of_interest, establishment","Reno, NV 89519, USA 89519",89519,Reno,Nevada,United States,39.4928146,-119.8948073
18,ChIJV-ofmxDem4ARio-5VsMRkvg,Ridge Campground,,"campground, park, lodging, point_of_interest, establishment","Truckee, CA 96161, USA 96161",96161,Truckee,California,United States,39.3206402,-120.2364189
19,ChIJDzFPegXem4ARL7KHAsn_Srw,Splitrock Campground,,"campground, lodging, park, point_of_interest, establishment","Truckee, CA 96161, USA 96161",96161,Truckee,California,United States,39.32046169999999,-120.2421433
20,ChIJz6-ILStHmYARZJbHUb9BAHI,Idlewild Park,,"park, tourist_attraction, point_of_interest, establishment","2055 Idlewild Dr, Reno, NV 89509, USA 89509",89509,Reno,Nevada,United States,39.5218409,-119.8329796
21,ChIJlTxZ1Zrgm4ARelcY5u30LhI,Tahoe Donner Association,2,"campground, park, lodging, restaurant, food, point_of_interest, establishment","11509 Northwoods Blvd, Truckee, CA 96161, USA 96161",96161,Truckee,California,United States,39.34355789999999,-120.2148946
22,ChIJK5bxGRFAmYARRWlZ0Pb9ovY,Bartley Ranch Regional Park,,"park, tourist_attraction, point_of_interest, establishment","6000 Bartley Ranch Rd, Reno, NV 89511, USA 89511",89511,Reno,Nevada,United States,39.46978099999999,-119.8073539
23,ChIJ3cd-PvdGmYARCvGniz3N-iA,East Keystone Trailhead,,"tourist_attraction, park, point_of_interest, establishment","2920 Keystone Ave, Reno, NV 89503, USA 89503",89503,Reno,Nevada,United States,39.55129139999999,-119.8489544
24,ChIJiX3LNq44mYARaMVpaWl59yk,Teglia's Paradise Park Activity Center,,"park, point_of_interest, establishment","2745 Elementary Dr, Reno, NV 89512, USA 89512",89512,Reno,Nevada,United States,39.5431612,-119.7787575
25,ChIJ-3IF3bEMmYARFE2XqDPH1-c,Washoe Lake State Park,,"tourist_attraction, park, point_of_interest, establishment","4855 Eastlake Blvd, New Washoe City, NV 89704, USA 89704",89704,New Washoe City,Nevada,United States,39.24200059999999,-119.7638941
26,ChIJR7ZkTcE-mYARk9e7eQDrG3U,Sparks Marina RV Park,,"rv_park, campground, park, lodging, point_of_interest, establishment","1200 E Lincoln Way, Sparks, NV 89434, USA 89434",89434,Sparks,Nevada,United States,39.5374393,-119.7238766
27,ChIJf0bJtxdHmYARBYLWOPlvpwU,Wilbur D. May Center,,"museum, tourist_attraction, park, point_of_interest, store, establishment","1595 N Sierra St, Reno, NV 89503, USA 89503",89503,Reno,Nevada,United States,39.5460619,-119.8254368
28,ChIJ4Wp0qpY-mYAR35jT_LQ2Sa8,The Waterpark at Wild Island,,"amusement_park, tourist_attraction, park, point_of_interest, establishment","250 Wild Island Ct, Sparks, NV 89434, USA 89434",89434,Sparks,Nevada,United States,39.531658,-119.713385
29,ChIJC3e9bkdumYARL_Vn9wlPSgU,Tahoe Rim Trail,,"tourist_attraction, park, point_of_interest, establishment","Tahoe Rim Trail, Incline Village, NV 89451, USA 89451",89451,Incline Village,Nevada,United States,39.2871216,-119.9822611
30,ChIJWZpX3EN9mYAR183x929_yXs,Burton Creek State Park,,"tourist_attraction, park, point_of_interest, establishment","Tahoe City, CA 96145, USA 96145",96145,Tahoe City,California,United States,39.1867301,-120.1250758
31,ChIJoY2fxIpGmYARbAmVFOixSek,West Keystone Trailhead,,"park, point_of_interest, establishment","Keystone Avenue, Reno, NV 89523, USA 89523",89523,Reno,Nevada,United States,39.5497376,-119.8594558
32,ChIJLVp878I-mYARYLEaJBzjspU,Sparks Marina Park,,"park, tourist_attraction, point_of_interest, establishment","300 Howard Dr, Sparks, NV 89434, USA 89434",89434,Sparks,Nevada,United States,39.5344481,-119.7299017
33,ChIJrWJnvbSRhYAR-a__aHZY_3o,Muir Woods National Monument,,"tourist_attraction, park, point_of_interest, establishment","Mill Valley, CA 94941, USA 94941",94941,Mill Valley,California,United States,37.8970199,-122.5811177
34,ChIJY_dFYHKHhYARMKc772iLvnE,Golden Gate Park,0,"park, tourist_attraction, point_of_interest, establishment","San Francisco, CA, USA ",,San Francisco,California,United States,37.7689203,-122.482977
35,ChIJjaIC83F9j4AR1z3B225I_XU,San Francisco Zoo,,"zoo, tourist_attraction, park, point_of_interest, establishment","Sloat Blvd &, Upper Great Hwy, San Francisco, CA 94132, USA 94132",94132,San Francisco,California,United States,37.73293940000001,-122.5028348
36,ChIJVbMlhdyGhYARADaqASKRFVs,Crissy Field,0,"park, tourist_attraction, point_of_interest, establishment","1199 E Beach, San Francisco, CA 94129, USA 94129",94129,San Francisco,California,United States,37.80402569999999,-122.4650165
37,ChIJVQupdtCAhYARHQy5-kc5ssY,Union Street Inn,,"park, lodging, point_of_interest, establishment","2229 Union St, San Francisco, CA 94123, USA 94123",94123,San Francisco,California,United States,37.79688900000001,-122.436044
38,ChIJQRWV0WKIj4AREtwLqNxJxs4,Reinhardt Redwood Regional Park,,"park, tourist_attraction, point_of_interest, establishment","7867 Redwood Rd, Oakland, CA 94619, USA 94619",94619,Oakland,California,United States,37.8115064,-122.1629595
39,ChIJp3CqeRd-j4ARYI0i8e_kGKY,Dolores Park,,"park, tourist_attraction, point_of_interest, establishment","Dolores St &, 19th St, San Francisco, CA 94114, USA 94114",94114,San Francisco,California,United States,37.7597704,-122.4271145
40,ChIJ34F_-Q2Pj4ARqvhP11SiAQI,Oakland Zoo,,"zoo, tourist_attraction, park, point_of_interest, establishment","9777 Golf Links Rd, Oakland, CA 94605, USA 94605",94605,Oakland,California,United States,37.7486635,-122.1454166
41,ChIJVbc0nryRhYARrctM6NuBQMw,Mount Tamalpais State Park,,"tourist_attraction, park, point_of_interest, establishment","3801 Panoramic Hwy, Mill Valley, CA 94941, USA 94941",94941,Mill Valley,California,United States,37.8890472,-122.6107881
42,ChIJud4Rs7KHhYARZX7u45tQsjA,Lands End Lookout,,"tourist_attraction, travel_agency, park, store, point_of_interest, establishment","680 Point Lobos Ave, San Francisco, CA 94121, USA 94121",94121,San Francisco,California,United States,37.77972299999999,-122.5115887
43,ChIJzR0I5UH4wIcRlcC4sqSPOrY,Newcomer's White Chapel Funeral Home & White Chapel Cemetery,,"funeral_home, cemetery, park, point_of_interest, establishment","6600 NE Antioch Rd, Gladstone, MO 64119, USA 64119",64119,Gladstone,Missouri,United States,39.2130595,-94.5358124
44,ChIJUf-8Na_vwIcRoZJ_Snj9yZg,Jacob L. Loose Park,,"tourist_attraction, park, point_of_interest, establishment","5200 Wornall Rd, Kansas City, MO 64112, USA 64112",64112,Kansas City,Missouri,United States,39.0313447,-94.59442349999999
45,ChIJ3ysBpfBvwIcRg4WOtoR02_4,Weston Bend State Park,,"park, tourist_attraction, point_of_interest, establishment","16600 MO-45, Weston, MO 64098, USA 64098",64098,Weston,Missouri,United States,39.3904938,-94.875214
46,ChIJda4B5dyvwYcRjR1OYfhMH5I,Watkins Woolen Mill State Park And Historic Site,,"tourist_attraction, museum, park, point_of_interest, establishment","26600 Park Road North, Lawson, MO 64062, USA 64062",64062,Lawson,Missouri,United States,39.4035279,-94.25972209999999
47,ChIJt6IUwjvAwIcRwbplAuF1vmw,Deanna Rose Children's Farmstead,,"tourist_attraction, park, point_of_interest, establishment","13800 Switzer Rd, Overland Park, KS 66221, USA 66221",66221,Overland Park,Kansas,United States,38.877729,-94.703345
48,ChIJ948w77yLwIcRlz5VaEEoOgU,Wyandotte County Lake Park,,"park, tourist_attraction, point_of_interest, establishment","Leavenworth Rd, N 91st St, Kansas City, KS 66109, USA 66109",66109,Kansas City,Kansas,United States,39.1501877,-94.7876587
49,ChIJjSlJsYiRwIcRDx5ZTc2wKLs,Mid-America Sports Complex Park,,"park, point_of_interest, establishment","20000 Johnson Dr, Shawnee, KS 66218, USA 66218",66218,Shawnee,Kansas,United States,39.0249,-94.8155
50,ChIJHf7khsr6wIcR7hjglk5tQvo,Central Park,,"park, point_of_interest, establishment","3409 E 31st St, Kansas City, MO 64128, USA 64128",64128,Kansas City,Missouri,United States,39.069149,-94.54271100000001
51,ChIJq02sQPucwIcRYKRluxqTDbo,Tall Oaks Conference Center,,"campground, park, lodging, point_of_interest, establishment","12778 189th St, Linwood, KS 66052, USA 66052",66052,Linwood,Kansas,United States,39.010617,-95.0109227
52,ChIJ6csjvynHwIcROSH92_fu6ng,Overland Park Arboretum & Botanical Gardens,,"tourist_attraction, park, point_of_interest, establishment","8909 W 179th St, Overland Park, KS 66013, USA 66013",66013,Overland Park,Kansas,United States,38.7978207,-94.6910209
53,ChIJ91PFD_SGmYAR0Kv1_-9lyGg,Emerald Bay State Park,,"tourist_attraction, park, point_of_interest, establishment","California 96150, USA 96150",96150,,California,United States,38.9499894,-120.1082038
54,ChIJXwBiR9p_mYARjQbBoGrEsHM,Homewood Mountain Resort,,"park, tourist_attraction, restaurant, bar, food, point_of_interest, establishment","5145 W Lake Blvd, Homewood, CA 96141, USA 96141",96141,Homewood,California,United States,39.08558329999999,-120.1605391
55,ChIJR7qXwHzXm4ARCkyoLePuHB0,Deer Park,,"park, point_of_interest, establishment","Olympic Valley, CA 96146, USA 96146",96146,Olympic Valley,California,United States,39.1872372,-120.1996183
56,ChIJN04388DCm4ARL5FULVoosPI,Onion Creek Campground,,"campground, park, lodging, point_of_interest, establishment","Truckee, CA 96161, USA 96161",96161,Truckee,California,United States,39.27462699999999,-120.3632568
57,ChIJP50fCovFm4ARtOO-0bQj3nM,Black Bear Campground,,"campground, park, lodging, point_of_interest, establishment","California, USA ",,,California,United States,39.1349552,-120.4131636
58,ChIJf9fbbx4xmoARz1YtdIxTaPk,Peninsula Campground,,"campground, park, lodging, point_of_interest, establishment","California, USA ",,,California,United States,38.8665723,-120.4076973
59,ChIJfz2uGVs7moARBMYvH879VgU,Eldorado National Forest,,"park, point_of_interest, establishment","Sierra Nevada, CA 95667, USA 95667",95667,Sierra Nevada,California,United States,38.7647674,-120.3295693
60,ChIJrzi5ibWPmYAR_X5D1Ls-zM0,Tahoe Valley Campground,,"campground, rv_park, park, lodging, point_of_interest, establishment","1175 Melba Dr, South Lake Tahoe, CA 96150, USA 96150",96150,South Lake Tahoe,California,United States,38.908867,-119.997141
61,ChIJQfa5Gginm4AR_gJJNtdSgMA,Desolation Hotel Hope Valley,,"campground, cafe, park, lodging, restaurant, food, point_of_interest, establishment","14255 CA-88, Hope Valley, CA 96120, USA 96120",96120,Hope Valley,California,United States,38.7746318,-119.9030552
62,ChIJu6EGTaGUm4AR49JdbZ3WHl0,Cisco Grove Campground & RV,,"campground, park, rv_park, lodging, point_of_interest, establishment","48415 Hampshire Rocks Rd, Emigrant Gap, CA 95715, USA 95715",95715,Emigrant Gap,California,United States,39.3121265,-120.5454948
63,ChIJraKL-BJawokREpxDmF5GcL4,The Battery,0,"park, tourist_attraction, point_of_interest, establishment","Battery Park City, New York, NY 10004, USA 10004",10004,New York,New York,United States,40.70293119999999,-74.0153603
64,ChIJQwRohxBbwokRmHrfAMb3ixc,Prospect Park,0,"park, tourist_attraction, point_of_interest, establishment","Brooklyn, NY, USA ",,,New York,United States,40.6602037,-73.9689558
65,ChIJjaFpo0ZawokRBcOFUZ13CaE,Brooklyn Bridge Park,,"park, tourist_attraction, point_of_interest, establishment","Brooklyn, NY 11201, USA 11201",11201,New York,New York,United States,40.7022422,-73.9958601
66,ChIJ4zGFAZpYwokRGUGph3Mf37k,Central Park,,"park, tourist_attraction, point_of_interest, establishment","New York, NY, USA ",,New York,New York,United States,40.7825547,-73.9655834
67,ChIJjX494pBZwokRGH620d9eYfo,Washington Square Park,,"park, tourist_attraction, point_of_interest, establishment","Washington Square, New York, NY 10012, USA 10012",10012,New York,New York,United States,40.7308838,-73.997332
68,ChIJyRUHuHzzwokRPxVBNKhcP9c,New York Botanical Garden,,"tourist_attraction, park, museum, point_of_interest, establishment","2900 Southern Blvd, Bronx, NY 10458, USA 10458",10458,,New York,United States,40.86228709999999,-73.8773946
69,ChIJ-2Yhwn9gwokR4Wwy6GgsPRM,Flushing Meadows Corona Park,,"park, tourist_attraction, point_of_interest, establishment","Grand Central Parkway and, Van Wyck Expy, Queens, NY 11354, USA 11354",11354,,New York,United States,40.7400275,-73.8406953
70,ChIJQfLBbNfkwokRr4hOuy06mxA,Campmor,2,"park, shoe_store, clothing_store, store, point_of_interest, establishment","810 NJ-17, Paramus, NJ 07652, USA 07652",07652,Paramus,New Jersey,United States,40.9749173,-74.08092289999999
71,ChIJp32RvaZZwokRfH0Zgzl9mXk,Madison Square Park,,"park, tourist_attraction, point_of_interest, establishment","11 Madison Ave, New York, NY 10010, USA 10010",10010,New York,New York,United States,40.7421951,-73.98799919999999
72,ChIJwYu_aA5bwokR2lxjW-QvQlc,Brooklyn Botanic Garden,,"tourist_attraction, park, point_of_interest, establishment","Brooklyn, NY 11238, USA 11238",11238,,New York,United States,40.6685798,-73.9644696
73,ChIJraJd1l6J04kR-iOgHJgdq6Y,Iroquois National Wildlife Refuge,,"tourist_attraction, park, point_of_interest, establishment","Casey Road, Basom, NY 14013, USA 14013",14013,Basom,New York,United States,43.1314403,-78.3939328
74,ChIJU3t4F-5z04kRAMbV-frmGdU,UB Bike Path Parking - N Forest and Maple,,"park, point_of_interest, establishment","Parking lot, 1398 N Forest Rd #1384, Buffalo, NY 14221, USA 14221",14221,Buffalo,New York,United States,42.993625,-78.76005219999999
75,ChIJAZV0s-en04kR-B8OHWeJvlU,Knox Farm State Park,,"tourist_attraction, park, point_of_interest, establishment","437 Buffalo Rd, East Aurora, NY 14052, USA 14052",14052,East Aurora,New York,United States,42.7769493,-78.64134039999999
76,ChIJ-RPYDi8O04kRBcuzSrWGLCk,Buffalo and Erie County Botanical Gardens,,"tourist_attraction, museum, park, point_of_interest, establishment","2655 South Park Ave, Buffalo, NY 14218, USA 14218",14218,Buffalo,New York,United States,42.8281315,-78.82571159999999
77,ChIJ-dGrPgkL04kRPP_SFvYQa98,Reinstein Woods Nature Preserve,,"tourist_attraction, park, local_government_office, point_of_interest, establishment","93 Honorine Dr, Depew, NY 14043, USA 14043",14043,Depew,New York,United States,42.8914105,-78.7178955
78,ChIJtT6tsMhz04kRuxib8_-tYZc,Amherst Recreation Department,,"park, point_of_interest, establishment","1615 Amherst Manor Dr, Buffalo, NY 14221, USA 14221",14221,Buffalo,New York,United States,42.9945128,-78.7825259
79,ChIJHSHG-H1z04kRr3D7Jdei0Q0,Glen Park,,"park, tourist_attraction, point_of_interest, establishment","5565 Main St, Williamsville, NY 14221, USA 14221",14221,Williamsville,New York,United States,42.96441249999999,-78.744964
80,ChIJRXFlHj-W04kRJYwVDCElXQw,Darien Lakes State Park,,"tourist_attraction, park, point_of_interest, establishment","10475 Harlow Rd, Darien Center, NY 14040, USA 14040",14040,Darien Center,New York,United States,42.9118777,-78.41149419999999
81,ChIJUxzOE9uP04kRk6ATB9o-uoI,Tonawanda Indian Reservation,,"park, point_of_interest, establishment","7308 Parker Rd, Basom, NY 14013, USA 14013",14013,Basom,New York,United States,43.0599094,-78.44504239999999
82,ChIJOwsQCuwR04kRThZGAeAkd0U,Tifft Nature Preserve,,"travel_agency, park, tourist_attraction, point_of_interest, establishment","1200 Fuhrmann Boulevard, Buffalo, NY 14203, USA 14203",14203,Buffalo,New York,United States,42.8461684,-78.85945939999999
83,ChIJ_6-b0NVXmIARuJNKOko5M4Y,Fort Churchill State Historic Park,,"tourist_attraction, park, point_of_interest, establishment","10000 US-95 ALT, Silver Springs, NV 89429, USA 89429",89429,Silver Springs,Nevada,United States,39.29440400000001,-119.2676947
84,ChIJ9XyvoCOQmYARvwAqgEntGG4,Bijou Community Park,,"park, tourist_attraction, point_of_interest, establishment","1201 Al Tahoe Blvd, South Lake Tahoe, CA 96150, USA 96150",96150,South Lake Tahoe,California,United States,38.9320683,-119.9681145
85,ChIJAYg4FPd9mYARud2MOQL5CYg,William Kent Campground,,"campground, park, lodging, point_of_interest, establishment","1995 W Lake Blvd, Tahoe City, CA 96145, USA 96145",96145,Tahoe City,California,United States,39.1396385,-120.155531
86,ChIJLSOiqNoKmYARKO9tJJA_sKs,John Mankins Park,,"park, tourist_attraction, point_of_interest, establishment","1147 W College Pkwy, Carson City, NV 89703, USA 89703",89703,Carson City,Nevada,United States,39.1869508,-119.7771651
87,ChIJU6GXrycEmYARPLHcJW2e5zo,Mark Twain Park,,"park, point_of_interest, establishment","121 Roughing It Rd, Dayton, NV 89403, USA 89403",89403,Dayton,Nevada,United States,39.30082350000001,-119.5434832
88,ChIJI-PDCGJcnIARYpW_xvazXjk,Plumas National Forest,,"tourist_attraction, park, point_of_interest, establishment","Junction Road, Quincy, CA 95971, USA 95971",95971,Quincy,California,United States,39.93106660000001,-120.8131449
89,ChIJR0ugbKX7nIARcXVPXmlRu_g,Rock Creek Campground,,"campground, park, lodging, point_of_interest, establishment","California, USA ",,,California,United States,39.9010022,-121.0238451
90,ChIJ5Z2VZazmnIAR27Z2umPtVLY,Bucks Lodge Campground,,"campground, park, lodging, point_of_interest, establishment","Meadow Valley, CA 95956, USA 95956",95956,Meadow Valley,California,United States,39.8793323,-121.1777387
91,ChIJ95UdjW7hnIARAMDw4GnqP4w,Sandy Point Day Use,,"campground, park, lodging, point_of_interest, establishment","California, USA ",,,California,United States,39.9046098,-121.1869059
92,ChIJvVw5LWvznIARC-hXmmFIBGY,Black Rock Campground,,"campground, park, lodging, point_of_interest, establishment","Strawberry Valley, CA 95981, USA 95981",95981,Strawberry Valley,California,United States,39.7293363,-121.0105105
93,ChIJaX2FiyjvnIAR5jbu0mLlGpA,Dan Beebe Campground,,"campground, park, lodging, point_of_interest, establishment","Meadow Valley, CA 95956, USA 95956",95956,Meadow Valley,California,United States,39.7779441,-121.1607926
94,ChIJEX0hBuEYnYARcsiYvbm3JLY,North Fork Campground,,"campground, park, lodging, point_of_interest, establishment","California, USA ",,,California,United States,40.0398863,-121.2199639
95,ChIJKR0N7tUQnYARflj0YIjSU-U,Cool Springs Campground- no available phone number,,"campground, park, lodging, point_of_interest, establishment","Canyondam, CA 95923, USA 95923",95923,Canyondam,California,United States,40.1451643,-121.1663513
96,ChIJiWUNpVtmnIARqSDOxCNI6wA,Ross Campground,,"campground, park, lodging, point_of_interest, establishment","Blairsden-Graeagle, CA 96103, USA 96103",96103,,California,United States,39.73461839999999,-120.7499442
97,ChIJ-9PaDvbdnIAR7DuJGDQsVYw,Daniel Zink Campground,,"campground, park, lodging, point_of_interest, establishment","California, USA ",,,California,United States,39.8429418,-121.2635742
98,ChIJ6yveQ2RBl1QRTAuupOl2YLw,River Bend Campground,,"campground, park, lodging, point_of_interest, establishment","Naches, WA 98937, USA 98937",98937,Naches,Washington,United States,46.6763907,-121.0709741
99,ChIJryzaVU3omVQRqE98p8b6dG4,Red's Fly Shop,,"park, store, point_of_interest, establishment","14706 WA-821, Ellensburg, WA 98926, USA 98926",98926,Ellensburg,Washington,United States,46.84289169999999,-120.4622102
100,ChIJNZg2HwtAl1QR9EyyOKRWBc8,South Fork Campground,,"campground, park, lodging, point_of_interest, establishment","Naches, WA 98937, USA 98937",98937,Naches,Washington,United States,46.6205506,-121.1317186
101,ChIJeXiW7t0Tl1QRpzpUGkui-i0,Tree Phones Campground,,"campground, park, lodging, point_of_interest, establishment","Yakima, WA 98903, USA 98903",98903,Yakima,Washington,United States,46.4970635,-121.1211881
102,ChIJjZ2G5nvxmVQRGPnTPPXYhNo,Irene Rinehart Riverfront Park,,"park, tourist_attraction, point_of_interest, establishment","1081 Umptanum Rd, Ellensburg, WA 98926, USA 98926",98926,Ellensburg,Washington,United States,46.9893526,-120.5729557
103,ChIJP-m6vFXYmVQR-WSAO6_5fVA,Selah Parks & Recreation,,"tourist_attraction, park, point_of_interest, establishment","216 S 1st St, Selah, WA 98942, USA 98942",98942,Selah,Washington,United States,46.651084,-120.530839
104,ChIJC6EWF6XCmVQRK96LRZEu_Ec,Big Pines Recreation Site,,"campground, park, lodging, point_of_interest, establishment","Canyon Rd, Ellensburg, WA 98926, USA 98926",98926,Ellensburg,Washington,United States,46.79305610000001,-120.4561239
105,ChIJ89yA8R7YmVQRIBXCFzpDOYo,Elks Park,,"park, tourist_attraction, point_of_interest, establishment","911 Hathaway St, Yakima, WA 98902, USA 98902",98902,Yakima,Washington,United States,46.6151224,-120.5243158
106,ChIJOyx8SYzXmVQR9jd0JyDASNI,Miller Park,,"park, tourist_attraction, point_of_interest, establishment","JF5V+WJQ, 513 N 3rd St, Yakima, WA 98901, USA 98901",98901,Yakima,Washington,United States,46.6099066,-120.5059808
107,ChIJsZS7ErZil1QR5FSc67Mo3D0,Gilbert Park,,"park, tourist_attraction, point_of_interest, establishment","5000 W Lincoln Ave, Yakima, WA 98908, USA 98908",98908,Yakima,Washington,United States,46.6032008,-120.5745046
108,ChIJTSRQmIuemIARmwqy7UZNFgg,Stillwater Wildlife Management Area,,"park, tourist_attraction, point_of_interest, establishment","Fallon, NV 89406, USA 89406",89406,Fallon,Nevada,United States,39.69102609999999,-118.724318
109,ChIJdRKY9eeGmIARiVvQFLjQurs,Stillwater National Wildlife Refuge Headquarters,,"tourist_attraction, park, point_of_interest, establishment","3175 Freeman Ln, Fallon, NV 89406, USA 89406",89406,Fallon,Nevada,United States,39.5224043,-118.5524854
110,ChIJLeg94SKHmIARjS7vTtnBkxw,Churchill County Parks & Recreation,,"park, tourist_attraction, point_of_interest, establishment","325 Sheckler Rd, Fallon, NV 89406, USA 89406",89406,Fallon,Nevada,United States,39.4597637,-118.7871227
111,ChIJ92i-IzwDoYARGNNqsnZdI00,Secret Pass Outfitters,,"park, point_of_interest, establishment","7450 Reno Hwy, Fallon, NV 89406, USA 89406",89406,Fallon,Nevada,United States,39.4993564,-118.9015587
112,ChIJzyspjt_ymIARH5Y7V_bzyQw,Nevada State Parks Western Region,,"park, point_of_interest, establishment","16799 Carson Hwy, Fallon, NV 89406, USA 89406",89406,Fallon,Nevada,United States,39.4690217,-119.0641933
113,ChIJsRj88s2AmIARMeckb3yhRyI,Fallon National Wildlife Refuge,,"park, point_of_interest, establishment","Timber Lake Rd, Nevada, USA ",,,Nevada,United States,39.7643845,-118.6031402
114,ChIJW_aP1ITwmIARhgxJRsXEkx8,Nevada Division State Parks,,"park, point_of_interest, establishment","10510 Us Highway 95A N, Silver Springs, NV 89429, USA 89429",89429,Silver Springs,Nevada,United States,39.36399600000001,-119.234589
115,ChIJxQtIAy70mIARFvLUnX9GiBA,Lahontan State Recreation Area,,"park, tourist_attraction, point_of_interest, establishment","16799 Lahontan Dam Rd, Fallon, NV 89406, USA 89406",89406,Fallon,Nevada,United States,39.4003359,-119.1260303
116,ChIJtQRFNynqmIAReCUUDMzvFFQ,Fernley Wildlife Management Area,,"park, tourist_attraction, point_of_interest, establishment","Fernley, NV 89408, USA 89408",89408,Fernley,Nevada,United States,39.60654359999999,-119.1332489
117,ChIJ7xYn8Y_wmIARDeKwhIabl_M,Desert Rose RV Park,,"rv_park, campground, park, lodging, point_of_interest, establishment","3285 US-50 ALT, Fernley, NV 89408, USA 89408",89408,Fernley,Nevada,United States,39.5924234,-119.1560729
118,ChIJCydHhXA9mYARESIRU9hmBuc,Louise Peri Park,,"park, tourist_attraction, point_of_interest, establishment","800 Peri Ranch Rd, Lockwood, NV 89434, USA 89434",89434,Lockwood,Nevada,United States,39.5092904,-119.6405936
119,ChIJXXb1E7Q7mYARR_7dou1kh-Q,Golden Eagle Regional Park,,"park, tourist_attraction, point_of_interest, establishment","6400 Vista Blvd, Sparks, NV 89436, USA 89436",89436,Sparks,Nevada,United States,39.6025328,-119.6688345
120,ChIJWaKAmyY6mYARFlInvQhBHYg,Silverton Shores Park,,"park, point_of_interest, establishment","6460 Media Ct, Sparks, NV 89436, USA 89436",89436,Sparks,Nevada,United States,39.60877000000001,-119.694432
121,ChIJY3JQjDY5mYARS4Doo8YMWuw,Van Meter Park,,"park, point_of_interest, establishment","1300 O'Callaghan Dr, Sparks, NV 89434, USA 89434",89434,Sparks,Nevada,United States,39.5499201,-119.7206891
122,ChIJcW_PkLs-mYAR0-Yf6WLh_CU,Sparks Engineering Department,,"park, point_of_interest, establishment","1675 E Prater Way, Sparks, NV 89434, USA 89434",89434,Sparks,Nevada,United States,39.54132000000001,-119.712182
123,ChIJ6et4stk-mYARVUzidbbAh4o,Victorian RV Park,,"rv_park, campground, lodging, park, point_of_interest, establishment","205 Nichols Blvd, Sparks, NV 89431, USA 89431",89431,Sparks,Nevada,United States,39.5357524,-119.7402836
124,ChIJK9tnVkgBmYARvrSytw7Px20,Rolling A Ranch,,"park, point_of_interest, establishment","1200 Ferretto Pkwy, Dayton, NV 89403, USA 89403",89403,Dayton,Nevada,United States,39.2937857,-119.5016243
125,ChIJk10nLrQGmYAR8mnfbzgAn-I,Patriot Park,,"park, point_of_interest, establishment","1212 Daffodil Dr, Dayton, NV 89403, USA 89403",89403,Dayton,Nevada,United States,39.290348,-119.515848
126,ChIJw_vrxtU4mYAR7v2lfM1q7GQ,Church Park,,"park, point_of_interest, establishment","1850 1st St, Sparks, NV 89431, USA 89431",89431,Sparks,Nevada,United States,39.5497138,-119.7445252
127,ChIJD9KbIzWHj4AR1Mp5x7ZVBWs,Oakland Museum of California,,"museum, cafe, park, food, point_of_interest, establishment","1000 Oak St, Oakland, CA 94607, USA 94607",94607,Oakland,California,United States,37.7987496,-122.2633654
128,ChIJ5abCmkWHhYARH3zgiLVc_Ew,Conservatory of Flowers,,"museum, park, point_of_interest, establishment","100 John F Kennedy Dr, San Francisco, CA 94118, USA 94118",94118,San Francisco,California,United States,37.77261869999999,-122.4602558
129,ChIJlR5fQ_F7hYARO9bet3eMP3s,Tilden Regional Park,,"park, tourist_attraction, point_of_interest, establishment","2501 Grizzly Peak Blvd, Orinda, CA 94563, USA 94563",94563,Orinda,California,United States,37.8976908,-122.2452468
130,ChIJt3HwrOJ9j4ARbW6uAcmhz7I,Twin Peaks,,"park, landmark, point_of_interest, establishment","501 Twin Peaks Blvd, San Francisco, CA 94114, USA 94114",94114,San Francisco,California,United States,37.7529149,-122.4474131
131,ChIJ1RXyM62hj4ARp0jUvcR7yzw,Filoli Historic House & Garden,,"tourist_attraction, park, museum, store, point_of_interest, establishment","86 Cañada Rd, Woodside, CA 94062, USA 94062",94062,Woodside,California,United States,37.478643,-122.3114013
132,ChIJJU6ZCIWihYARnFbVa9UwvUs,Hamilton Wetlands,,"tourist_attraction, park, point_of_interest, establishment","Novato, CA 94949, USA 94949",94949,Novato,California,United States,38.0570126,-122.4974298
133,ChIJ8XEcaqCRhYARJ_8TrFWfPUE,Pantoll Campground,,"campground, lodging, park, point_of_interest, establishment","3801 Panoramic Hwy, Mill Valley, CA 94941, USA 94941",94941,Mill Valley,California,United States,37.9039927,-122.6038858
134,ChIJRT7ghwq-j4ARQ68X9Fox0kE,Coyote Hills Regional Park,,"park, tourist_attraction, point_of_interest, establishment","8000 Patterson Ranch Rd, Fremont, CA 94555, USA 94555",94555,Fremont,California,United States,37.5566285,-122.0940598
135,ChIJrRYlc4jAhYARaAKrbg24Xco,Samuel P Taylor State Park,,"tourist_attraction, campground, lodging, park, point_of_interest, establishment","8889 Sir Francis Drake Blvd, Lagunitas, CA 94938, USA 94938",94938,,California,United States,38.0242948,-122.7213977
136,ChIJRWmP_YR6j4ARwERIwHzt7YA,Pacifica State Beach,,"tourist_attraction, park, point_of_interest, establishment","5000 CA-1, Pacifica, CA 94044, USA 94044",94044,Pacifica,California,United States,37.5988889,-122.5019444
137,ChIJNaP4K3pklIARBLZB8WUVUJI,Kearney Park,,"park, tourist_attraction, point_of_interest, establishment","6725 W Kearney Blvd, Fresno, CA 93706, USA 93706",93706,Fresno,California,United States,36.7278092,-119.9127611
138,ChIJBVrYI1hHlIARjIS7HQECIHg,Rocky Point Campground,,"campground, park, lodging, point_of_interest, establishment","Friant, CA 93626, USA 93626",93626,Friant,California,United States,37.0188383,-119.6843108
139,ChIJ-wKBoKE4lIARfeRUUzKAmwY,Dumna Strand Campground,,"campground, park, lodging, point_of_interest, establishment","Friant, CA 93626, USA 93626",93626,Friant,California,United States,37.02521249999999,-119.6795284
140,ChIJl9vT6ac4lIART0Igxm5mJcA,Mono Campground,,"campground, lodging, park, point_of_interest, establishment","Friant, CA 93626, USA 93626",93626,Friant,California,United States,37.0216161,-119.6837553
141,ChIJjwIgtGZHlIARrZy0TvAcEho,Meadow Campground,,"campground, lodging, park, point_of_interest, establishment","Friant, CA 93626, USA 93626",93626,Friant,California,United States,37.01939389999999,-119.6684766
142,ChIJ0YA3m2NHlIARtqalD0IMwhE,Valley Oak Campground,,"campground, park, lodging, point_of_interest, establishment","Friant, CA 93626, USA 93626",93626,Friant,California,United States,37.0219006,-119.6659967
143,ChIJR9Ef4dNnlIARA79iiPTt7X0,Oso de Oro Park,,"park, tourist_attraction, point_of_interest, establishment","5550 N Forkner Ave, Fresno, CA 93711, USA 93711",93711,Fresno,California,United States,36.8172875,-119.8296296
144,ChIJX_xLp9hglIAR0sq1coZ6tWE,Chandler Park,,"park, tourist_attraction, point_of_interest, establishment","Fresno, CA 93706, USA 93706",93706,Fresno,California,United States,36.7304386,-119.8309125
145,ChIJ_c2zvwFklIAR8rDOOl--Wg8,Fresno Memorial Gardens,,"cemetery, park, point_of_interest, establishment","175 S Cornelia Ave, Fresno, CA 93706, USA 93706",93706,Fresno,California,United States,36.7334799,-119.8828108
146,ChIJ0RWmtbVdlIARfYfSTlvIHgo,Valley Animal Center,,"veterinary_care, park, point_of_interest, establishment","3934 N Hayston Ave, Fresno, CA 93726, USA 93726",93726,Fresno,California,United States,36.7892751,-119.7471272
147,ChIJgaB_eJaZToYR0shi9YM_K-E,Dallas Zoo,,"zoo, tourist_attraction, park, point_of_interest, establishment","650 S R.L. Thornton Fwy, Dallas, TX 75203, USA 75203",75203,Dallas,Texas,United States,32.7409696,-96.81532
148,ChIJE_JdWRaZToYR0o3-Vndx750,John F. Kennedy Memorial Plaza,,"tourist_attraction, park, point_of_interest, establishment","646 Main St, Dallas, TX 75202, USA 75202",75202,Dallas,Texas,United States,32.7787249,-96.8064507
149,ChIJRxtoZJqhToYRQnaLBzeSE2g,The Dallas Arboretum and Botanical Garden,,"tourist_attraction, park, point_of_interest, establishment","8525 Garland Rd, Dallas, TX 75218, USA 75218",75218,Dallas,Texas,United States,32.8236184,-96.71662359999999
150,ChIJOfYI1RWZToYR4J9wW_J7pM8,Dealey Plaza,,"park, tourist_attraction, point_of_interest, establishment","Dallas, TX 75202, USA 75202",75202,Dallas,Texas,United States,32.7788184,-96.8082993
151,ChIJTSIEVQ6fToYR6bFECcv6kD4,George W. Bush Presidential Center,,"museum, tourist_attraction, library, park, point_of_interest, establishment","2943 SMU Boulevard, Dallas, TX 75205, USA 75205",75205,Dallas,Texas,United States,32.84118300000001,-96.778198
152,ChIJZf6cwiSZToYRas-lbLGASVA,Klyde Warren Park,,"park, tourist_attraction, point_of_interest, establishment","2012 Woodall Rodgers Fwy, Dallas, TX 75201, USA 75201",75201,Dallas,Texas,United States,32.7893644,-96.8016184
153,ChIJ6QFl8BmZToYRThNf5Xn_pUo,Pioneer Plaza,,"park, tourist_attraction, point_of_interest, establishment","1428 Young St, Dallas, TX 75202, USA 75202",75202,Dallas,Texas,United States,32.7766323,-96.80119859999999
154,ChIJ12JIoZeYToYRRJHugtx3QgY,Fair Park,0,"park, point_of_interest, establishment","3809 Grand Ave, Dallas, TX 75210, USA 75210",75210,Dallas,Texas,United States,32.7782181,-96.75927089999999
155,ChIJkViQm7MyTIYRhoQKE3V2eK8,Chinn Chapel Soccer Complex,,"park, point_of_interest, establishment","100 Chinn Chapel Rd, Flower Mound, TX 75027, USA 75027",75027,Flower Mound,Texas,United States,33.07320929999999,-97.0891778
156,ChIJZUzHmSm9ToYR8jTTPlxuJKM,Trinity River Audubon Center,,"tourist_attraction, park, point_of_interest, establishment","6500 S Great Trinity Forest Way, Dallas, TX 75217, USA 75217",75217,Dallas,Texas,United States,32.7036486,-96.70531
157,ChIJbSbLO9Q6TIYR1klTibmNg5U,The Colony Five Star Complex,,"park, point_of_interest, establishment","4100 Blair Oaks Dr, The Colony, TX 75056, USA 75056",75056,The Colony,Texas,United States,33.0737289,-96.8839847
158,ChIJYYRev109TIYRiBjjHs8fMhI,Russell Creek Park,,"park, point_of_interest, establishment","3500 McDermott Rd, Plano, TX 75025, USA 75025",75025,Plano,Texas,United States,33.0978553,-96.7596298
159,ChIJF8JZ85sRTIYR9sVsbO94s4Q,Heard Natural Science Museum & Wildlife Sanctuary,,"tourist_attraction, park, museum, point_of_interest, establishment","1 Nature Pl, McKinney, TX 75069, USA 75069",75069,McKinney,Texas,United States,33.1579212,-96.6151955
160,ChIJca__DrwnTIYRQJEQo0vZDN0,Farmers Branch Historical Park,,"park, tourist_attraction, point_of_interest, establishment","2540 Farmers Branch Ln, Farmers Branch, TX 75234, USA 75234",75234,Farmers Branch,Texas,United States,32.9173035,-96.89209389999999
161,ChIJRfzcnR-ZToYRg8yt9Ky1Hww,Main Street Garden Park,,"park, tourist_attraction, point_of_interest, establishment","1902 Main St, Dallas, TX 75201, USA 75201",75201,Dallas,Texas,United States,32.7811695,-96.7948469
162,ChIJ2x-hWPQQTIYRthUR65cT9fA,Celebration Park,,"tourist_attraction, park, point_of_interest, establishment","701 N Angel Pkwy, Allen, TX 75002, USA 75002",75002,Allen,Texas,United States,33.1074291,-96.62408780000001
163,ChIJYaEIfOkTTIYRkT4DFuzuRbQ,Al Ruschhaupt Soccer Complex Phase 1,,"park, point_of_interest, establishment","1986 Park View Ave, McKinney, TX 75072, USA 75072",75072,McKinney,Texas,United States,33.1886457,-96.64507619999999
164,ChIJ05jEMMVNTIYR-Txl7IV_10k,Ray Roberts Lake State Park Isle du Bois,,"tourist_attraction, park, point_of_interest, establishment","100 P W 4137, Pilot Point, TX 76258, USA 76258",76258,Pilot Point,Texas,United States,33.380758,-97.0134772
165,ChIJTdYbDiKZToYRWSvYXHV9IQY,Thanks-Giving Square,,"tourist_attraction, park, church, place_of_worship, point_of_interest, establishment","1627 Pacific Ave, Dallas, TX 75201, USA 75201",75201,Dallas,Texas,United States,32.7829966,-96.7982236
166,ChIJH51ghJCYToYRNpUGVzRnZtI,Texas Discovery Gardens,,"tourist_attraction, amusement_park, park, point_of_interest, establishment","3601 Martin Luther King Jr Blvd, Dallas, TX 75210, USA 75210",75210,Dallas,Texas,United States,32.7751527,-96.75973800000001
167,ChIJx17hjwHzwokRARFWlFCCzLI,Van Cortlandt Park,,"park, tourist_attraction, point_of_interest, establishment","Broadway and Van, Cortlandt Park South, Bronx, NY 10471, USA 10471",10471,,New York,United States,40.8971354,-73.8860942
168,ChIJP_a7lmH2wokRMSi6hHf1eXA,Riverbank State Park,,"tourist_attraction, park, point_of_interest, establishment","679 Riverside Dr, New York, NY 10031, USA 10031",10031,New York,New York,United States,40.82642360000001,-73.9559555
169,ChIJvcjmWLVYwokRFz2FMdi00cA,Socrates Sculpture Park,,"museum, park, point_of_interest, establishment","32-01 Vernon Blvd, Queens, NY 11106, USA 11106",11106,,New York,United States,40.7688089,-73.93650989999999
170,ChIJG9_kH47ywokRy5IdGb4QEaE,Tibbetts Brook Park,,"park, tourist_attraction, point_of_interest, establishment","355 Midland Ave, Yonkers, NY 10704, USA 10704",10704,Yonkers,New York,United States,40.92716650000001,-73.8765165
171,ChIJT8aGDwGHwokR8Tg_-DkoXoI,Old Westbury Gardens,,"tourist_attraction, museum, park, point_of_interest, establishment","71 Old Westbury Rd, Old Westbury, NY 11568, USA 11568",11568,Old Westbury,New York,United States,40.7746254,-73.6018285
172,ChIJtwwiciFawokRHE2X24SK_s0,Foley Square,,"park, tourist_attraction, point_of_interest, establishment","Lafayette Street Worth Street, Centre St, New York, NY 10013, USA 10013",10013,New York,New York,United States,40.7143512,-74.0029927
173,ChIJywJ318BZwokR4uWXUTbMRtc,Pier 57,,"park, restaurant, food, point_of_interest, establishment","25 11th Ave, New York, NY 10011, USA 10011",10011,New York,New York,United States,40.743058,-74.00906309999999
174,ChIJL1DP2C72wokRh3Lfn4T0Z3w,Riverside Park,,"park, point_of_interest, establishment","R25M+R3, New York, NY 10025, USA 10025",10025,New York,New York,United States,40.80956249999999,-73.96731249999999
175,ChIJTZ18cAH0wokR1HfVR86mzEA,Fort Tryon Park,,"park, tourist_attraction, point_of_interest, establishment","Riverside, Dr To Broadway, New York, NY 10040, USA 10040",10040,New York,New York,United States,40.8625608,-73.9312995
176,ChIJYfqGML5ZwokRYK2jK8PObFc,Jackson Square,,"park, tourist_attraction, point_of_interest, establishment","8 Ave &, Greenwich Ave, New York, NY 10014, USA 10014",10014,New York,New York,United States,40.7389679,-74.0028458
177,ChIJv7gIgxzCj4ARjA4yZfkfLyA,Pleasanton Ridge Regional Park,,"park, tourist_attraction, point_of_interest, establishment","Foothill Rd, Pleasanton, CA 94588, USA 94588",94588,Pleasanton,California,United States,37.6177144,-121.8897036
178,ChIJLekBIUlShYARdV64Jo81VfY,Brannan Island State Recreation Area,,"tourist_attraction, park, point_of_interest, establishment","17645 CA-160, Rio Vista, CA 94571, USA 94571",94571,Rio Vista,California,United States,38.11021019999999,-121.696818
179,ChIJyyOUphDFj4AR-PyTiLitD6c,Sunol Regional Wilderness,,"park, tourist_attraction, point_of_interest, establishment","1895 Geary Rd, Sunol, CA 94586, USA 94586",94586,Sunol,California,United States,37.5149918,-121.8310722
180,ChIJT6A7hHvwj4ARAd3C12Lh__4,Morgan Territory Regional Preserve,,"park, tourist_attraction, point_of_interest, establishment","9401 Morgan Territory Rd, Livermore, CA 94551, USA 94551",94551,Livermore,California,United States,37.83478789999999,-121.8146522
181,ChIJvSEvkPelmoARFk5Le_tkQJo,Woodbridge Ecological Reserve,,"tourist_attraction, park, point_of_interest, establishment","7730 W Woodbridge Rd, Lodi, CA 95242, USA 95242",95242,Lodi,California,United States,38.15389520000001,-121.4441895
182,ChIJ9d1e7tRUkIARR6TJ2qPZjgE,Smyrna Community Park,,"park, tourist_attraction, point_of_interest, establishment","2650 Fowler Rd, Ceres, CA 95307, USA 95307",95307,Ceres,California,United States,37.601802,-120.9462644
183,ChIJs0x_Sq4_kIAR7C40afe7cLE,Thousand Trails Turtle Beach,,"campground, rv_park, lodging, park, point_of_interest, establishment","703 Williamson Rd, Manteca, CA 95337, USA 95337",95337,Manteca,California,United States,37.77297350000001,-121.3002213
184,ChIJHcsjUP3-j4AR_VvgjvqqRt8,Sunset Park Athletic Complex,,"park, tourist_attraction, point_of_interest, establishment","655 Sunset Rd, Brentwood, CA 94513, USA 94513",94513,Brentwood,California,United States,37.9562797,-121.6846283
185,ChIJSeT1Icruj4AR5EVB6BpMg7M,Emerald Glen Park,,"park, tourist_attraction, point_of_interest, establishment","4201 Central Pkwy, Dublin, CA 94568, USA 94568",94568,Dublin,California,United States,37.7111829,-121.8755319
186,ChIJEW_8XG_dj4ARGVHyhoUqXdE,Independence Park,,"park, tourist_attraction, point_of_interest, establishment","2798 Holmes St, Livermore, CA 94550, USA 94550",94550,Livermore,California,United States,37.64942509999999,-121.782667
187,ChIJgfk0NV7GwoAR4ja9LMYRY0s,Los Angeles State Historic Park,,"tourist_attraction, park, point_of_interest, establishment","1245 N Spring St, Los Angeles, CA 90012, USA 90012",90012,Los Angeles,California,United States,34.0682286,-118.2318135
188,ChIJsyTucG_Z3IARXvuf8WcBLxs,Santa Ana Zoo,,"zoo, tourist_attraction, park, point_of_interest, establishment","1801 E Chestnut Ave, Santa Ana, CA 92701, USA 92701",92701,Santa Ana,California,United States,33.7435545,-117.8424885
189,ChIJ9590IY3AwoARquS6ie60MUc,Griffith Park,0,"park, tourist_attraction, point_of_interest, establishment","Los Angeles, CA 90027, USA 90027",90027,Los Angeles,California,United States,34.1365544,-118.2942
190,ChIJXQ8Hkbm6woAREGl_BjtdnwQ,Venice Beach Recreation Center,,"park, point_of_interest, establishment","1800 Ocean Front Walk, Venice, CA 90291, USA 90291",90291,Los Angeles,California,United States,33.9856398,-118.4728121
191,ChIJMy_Fgi65woARlcdFNGLeztU,Pan Pacific Park,,"park, point_of_interest, establishment","7600 Beverly Blvd, Los Angeles, CA 90036, USA 90036",90036,Los Angeles,California,United States,34.0732282,-118.3549294
192,ChIJ_STuCE7GwoAR3vCqfD2J9es,Gloria Molina Grand Park,,"park, point_of_interest, establishment","200 N Grand Ave, Los Angeles, CA 90012, USA 90012",90012,Los Angeles,California,United States,34.0563289,-118.2467713
193,ChIJZ9ZE6cC_woARSvoAjIvQygc,Forest Lawn,,"funeral_home, park, point_of_interest, establishment","6300 Forest Lawn Dr, Los Angeles, CA 90068, USA 90068",90068,Los Angeles,California,United States,34.1467012,-118.3223656
194,ChIJv4m3S8ba3IAR8STA5aSOQWY,Irvine Regional Park,,"park, tourist_attraction, point_of_interest, establishment","1 Irvine Park Rd, Orange, CA 92869, USA 92869",92869,Orange,California,United States,33.7963676,-117.7576044
195,ChIJXWLrhLbAwoARhWHgcCwHrvQ,Shakespeare Bridge Garden,,"park, point_of_interest, establishment","1900 Monon St, Los Angeles, CA 90027, USA 90027",90027,Los Angeles,California,United States,34.1054841,-118.2795905
196,ChIJRTn957_g3IARNq3-FcXnWfo,Pacific View Mortuary & Memorial Park,,"funeral_home, cemetery, park, point_of_interest, establishment","3500 Pacific View Dr, Corona Del Mar, CA 92625, USA 92625",92625,Newport Beach,California,United States,33.6083663,-117.8558229
197,ChIJEbdhP4R90lQRoTLbVG8euzU,Lake Shasta Caverns National Natural Landmark,,"tourist_attraction, museum, meal_takeaway, park, restaurant, food, point_of_interest, establishment","20359 Shasta Caverns Rd, Lakehead, CA 96051, USA 96051",96051,Lakehead,California,United States,40.80429549999999,-122.3039955
198,ChIJa0bUoC-I0lQRnJUr7zyaQi8,Slaughterhouse Island Campground,,"campground, park, lodging, point_of_interest, establishment","Lakehead, CA 96051, USA 96051",96051,Lakehead,California,United States,40.76737180000001,-122.3811209
199,ChIJIcZvhDmG0lQRMTtNJr5zj0U,Allie Cove Campground,,"campground, park, lodging, point_of_interest, establishment","Redding, CA 96003, USA 96003",96003,Redding,California,United States,40.7545947,-122.2891726
200,ChIJnU7T0_WD0lQRDvln_jBbfYI,Rend Island Campground,,"campground, lodging, park, point_of_interest, establishment","Redding, CA 96003, USA 96003",96003,Redding,California,United States,40.7495961,-122.175558
201,ChIJ03pd0Et70lQR7ntjZfAcq3E,Old Man Campground,,"campground, lodging, park, point_of_interest, establishment","Lakehead, CA 96051, USA 96051",96051,Lakehead,California,United States,40.8501493,-122.4291792
202,ChIJlVdquqB70lQRce-JO07Pxow,Lakeshore Campground,,"campground, park, lodging, point_of_interest, establishment","Lakehead, CA 96051, USA 96051",96051,Lakehead,California,United States,40.8682052,-122.3936224
203,ChIJodUR2GiHzVQRCuGQCh3xgsM,Ellery Creek Campground,,"campground, lodging, park, point_of_interest, establishment","Gilman Rd, Lakehead, CA 96051, USA 96051",96051,Lakehead,California,United States,40.9157179,-122.2440949
204,ChIJQWjFg_Tw0lQRutJEe2J6iRU,Sheep Camp,,"campground, lodging, park, point_of_interest, establishment","Shasta, CA 96087, USA 96087",96087,Shasta,California,United States,40.59987119999999,-122.59446
205,ChIJiRwzDpND0lQRwL8xWn_Q6jI,Ridgeville Campground,,"campground, lodging, park, point_of_interest, establishment","Trinity Center, CA 96091, USA 96091",96091,Trinity Center,California,United States,40.8465338,-122.7994683
206,ChIJQdgfVoNfzVQRhVR5P8Kn65M,South Cow Creek access,,"park, point_of_interest, establishment","Whitmore, CA 96096, USA 96096",96096,Whitmore,California,United States,40.6071004,-121.8558258
207,ChIJxQpni-e2goAREjrvQMbC6ug,Ishi Wilderness,,"tourist_attraction, park, point_of_interest, establishment","East Tehama, CA, USA ",,,California,United States,40.13460389999999,-121.7552597
208,ChIJ63mAFVFFg4ARUicQW2wRQ30,Gray Lodge Wildlife Area,,"tourist_attraction, park, point_of_interest, establishment","3207 Rutherford Rd, Gridley, CA 95948, USA 95948",95948,Gridley,California,United States,39.3212422,-121.8164031
209,ChIJ9z4HHxgwnYAROjZsLDHt7yY,Philbrook Campground,,"campground, lodging, park, point_of_interest, establishment","Magalia, CA 95954, USA 95954",95954,Magalia,California,United States,40.02766029999999,-121.4671935
210,ChIJ20_1v67NnIARDKqYXe0vNaM,Barry R. Kirshner Wildlife Sanctuary,,"tourist_attraction, park, point_of_interest, establishment","4995 Durham-Pentz Rd, Oroville, CA 95965, USA 95965",95965,Oroville,California,United States,39.6568728,-121.5756173
211,ChIJCXGvmKy1nIARR92ixMnhVkQ,Riverbend Park,,"park, tourist_attraction, point_of_interest, establishment","50 Montgomery St, Oroville, CA 95965, USA 95965",95965,Oroville,California,United States,39.5070371,-121.5766396
212,ChIJ1-Hls9_YgoAROTVQl8M3QJI,DeGarmo Park,,"park, tourist_attraction, point_of_interest, establishment","3428 Esplanade, Chico, CA 95973, USA 95973",95973,Chico,California,United States,39.7784169,-121.880009
213,ChIJN4be1hAog4ARJaoudKTVINI,Hooker Oak Park,,"park, tourist_attraction, point_of_interest, establishment","1928 Manzanita Ave, Chico, CA 95926, USA 95926",95926,Chico,California,United States,39.7603739,-121.7971907
214,ChIJK6xQcNbfgoARQHuhXBaE0WE,Irvine Finch River Access,,"park, tourist_attraction, point_of_interest, establishment","Irvine Finch River Access Rd, Chico, CA 95973, USA 95973",95973,Chico,California,United States,39.7422417,-121.990547
215,ChIJl0Ek55TYgoARC_Errzh6D1U,Peterson Park,,"park, tourist_attraction, point_of_interest, establishment","Denali Dr & Rollins Lake Dr, Chico, CA 95973, USA 95973",95973,Chico,California,United States,39.7632913,-121.875651
216,ChIJxfWWdKzUnIARABoZY3wxO0w,Paradise Depot Museum,,"museum, tourist_attraction, park, point_of_interest, establishment","Paradise Community Park, 5570 Black Olive Dr, Paradise, CA 95969, USA 95969",95969,Paradise,California,United States,39.7529405,-121.6236845
217,ChIJVWKFlNp4bIcReRJM6HBRwbQ,Skyline Beer Garden,,"tourist_attraction, bar, park, restaurant, food, point_of_interest, establishment","1601 Arapahoe St, Denver, CO 80202, USA 80202",80202,Denver,Colorado,United States,39.7484986,-104.9951895
218,ChIJFYTr3bR6bIcRDFQWHjk0Jw8,Rocky Mountain Arsenal National Wildlife Refuge,,"tourist_attraction, park, point_of_interest, establishment","6550 Gateway Rd, Commerce City, CO 80022, USA 80022",80022,Commerce City,Colorado,United States,39.838417,-104.8485687
219,ChIJBdLK58h-bIcRS8VMzjjyzrE,Cheesman Park,,"park, point_of_interest, establishment","Denver, CO 80218, USA 80218",80218,Denver,Colorado,United States,39.7328333,-104.9663478
220,ChIJaZ38Yam_a4cRhBs7Z7imOQU,Golden Gate Canyon State Park,,"park, tourist_attraction, point_of_interest, establishment","92 Crawford Gulch Rd, Golden, CO 80403, USA 80403",80403,Golden,Colorado,United States,39.8414296,-105.4197987
221,ChIJcZxNHFXsa4cR2oo880PDcGE,NCAR Mesa Laboratory,,"tourist_attraction, art_gallery, park, travel_agency, point_of_interest, establishment","1850 Table Mesa Dr, Boulder, CO 80305, USA 80305",80305,Boulder,Colorado,United States,39.97831790000001,-105.2750307
222,ChIJvV4onwjua4cRHSZ-bMRpYPw,Valmont Bike Park,,"park, tourist_attraction, point_of_interest, establishment","3160 Airport Rd, Boulder, CO 80301, USA 80301",80301,Boulder,Colorado,United States,40.0315015,-105.2342297
223,ChIJocjdWURia4cRliu8WS8HweU,Roxborough State Park,,"tourist_attraction, zoo, park, point_of_interest, establishment","4751 Roxborough Dr, Littleton, CO 80125, USA 80125",80125,Littleton,Colorado,United States,39.42962499999999,-105.0691276
224,ChIJlbvjpV-Ta4cRiheSZKx8hek,Eldorado Canyon State Park,,"park, point_of_interest, establishment","9 Kneale Rd, Eldorado Springs, CO 80025, USA 80025",80025,Eldorado Springs,Colorado,United States,39.9289759,-105.2941
225,ChIJdeqz6jB8a4cRBra7YFv5uI0,Denver Botanic Gardens Chatfield Farms,,"park, point_of_interest, establishment","8500 W Deer Creek Canyon Rd, Littleton, CO 80128, USA 80128",80128,Littleton,Colorado,United States,39.55086719999999,-105.0994626
226,ChIJrRBm87d-bIcR2WgqT1K45lc,Gardening Help At Denver Botanic Gardens,,"tourist_attraction, park, point_of_interest, establishment","1007 York St, Denver, CO 80206, USA 80206",80206,Denver,Colorado,United States,39.7320459,-104.9601135
