Number,Id,Place,Price Range,Types,Address,Postal Code,City,State,Country,Latitude,Longitude
1,ChIJ6zMe3oWAhYARaZ33Z1BAMRo,San Francisco Centre,,"shopping_mall, point_of_interest, establishment","865 Market St, San Francisco, CA 94103, USA 94103",94103,San Francisco,California,United States,37.78428340000001,-122.40712
2,ChIJ-zhtDYeAhYAREh_HF8J91xQ,Metreon,,"shopping_mall, point_of_interest, establishment","135 4th St, San Francisco, CA 94103, USA 94103",94103,San Francisco,California,United States,37.7843056,-122.403389
3,ChIJHSGzi_yAhYARnrPmDWAx9ro,PIER 39,,"tourist_attraction, shopping_mall, point_of_interest, establishment","The Embarcadero, San Francisco, CA 94133, USA 94133",94133,San Francisco,California,United States,37.808673,-122.409821
4,ChIJdYut3AKfj4ARvzOZtYDyWMo,Hillsdale Shopping Center,,"shopping_mall, point_of_interest, establishment","60 31st Ave, San Mateo, CA 94403, USA 94403",94403,San Mateo,California,United States,37.5378764,-122.300907
5,ChIJOXaCcTS7j4AR1Hjo8LCVWAc,Stanford Shopping Center,,"shopping_mall, point_of_interest, establishment","660 Stanford Shopping Center, Palo Alto, CA 94304, USA 94304",94304,Palo Alto,California,United States,37.44347210000001,-122.1712923
6,ChIJQ87gTrp9j4AR60rA_fO2ef0,Stonestown Galleria,,"shopping_mall, point_of_interest, establishment","3251 20th Ave, San Francisco, CA 94132, USA 94132",94132,San Francisco,California,United States,37.7280313,-122.477088
7,ChIJG4kUEWGAhYARtQwQFYlJCio,Embarcadero Center,,"shopping_mall, point_of_interest, establishment","2 Embarcadero Ctr, San Francisco, CA 94111, USA 94111",94111,San Francisco,California,United States,37.7948429,-122.3984798
8,ChIJtRURAEeRj4ARxcd4BPIcEwc,Southland Mall,,"shopping_mall, point_of_interest, establishment","One Southland Mall, Hayward, CA 94545, USA 94545",94545,Hayward,California,United States,37.6511869,-122.1021994
9,ChIJIeLvsUqHhYARmIjWG2MDRhw,City Center,,"shopping_mall, point_of_interest, establishment","2675 Geary Blvd, San Francisco, CA 94118, USA 94118",94118,San Francisco,California,United States,37.7820461,-122.4465503
10,ChIJj5R7F2GAhYARubN1VnuNZZM,Three Embarcadero Center,,"shopping_mall, point_of_interest, establishment","Three Embarcadero Center, San Francisco, CA 94111, USA 94111",94111,San Francisco,California,United States,37.7946834,-122.3972645
11,ChIJLwm9mh7amoARHgNpmbIyGNc,Arden Fair,,"shopping_mall, clothing_store, store, restaurant, food, point_of_interest, establishment","1689 Arden Wy, Sacramento, CA 95815, USA 95815",95815,Sacramento,California,United States,38.6011646,-121.4276086
12,ChIJ2zuToo7mmoAR-aqMgSqKx-o,Folsom Premium Outlets,,"shopping_mall, point_of_interest, establishment","13000 Folsom Blvd, Folsom, CA 95630, USA 95630",95630,Folsom,California,United States,38.6437307,-121.1876531
13,ChIJmawTuY7mmoARgEiUEmbX8wo,Sunglass Hut,3,"shopping_mall, point_of_interest, store, establishment","13000 Folsom Blvd Suite 1220, Folsom, CA 95630, USA 95630",95630,Folsom,California,United States,38.643345,-121.18651
14,ChIJuZDKudMhm4ARNtHTbyooRuk,Fountains at Roseville,,"shopping_mall, point_of_interest, establishment","1013 Galleria Blvd, Roseville, CA 95678, USA 95678",95678,Roseville,California,United States,38.76782620000001,-121.270341
15,ChIJZ4GxMSw9hYAR3Y9KOccU99A,Vacaville Premium Outlets,,"shopping_mall, point_of_interest, establishment","321 Nut Tree Rd, Vacaville, CA 95687, USA 95687",95687,Vacaville,California,United States,38.3657188,-121.956992
16,ChIJBcNc69Mhm4ARQuHFcX4CcI8,Sunglass Hut,3,"shopping_mall, store, point_of_interest, establishment","1182 Roseville Pkwy STE 140, Roseville, CA 95678, USA 95678",95678,Roseville,California,United States,38.768072,-121.269147
17,ChIJf4b3jbLAmoARwOWy87T1T_U,Waterman Plaza,,"shopping_mall, point_of_interest, establishment","9385 Elk Grove Blvd, Elk Grove, CA 95624, USA 95624",95624,Elk Grove,California,United States,38.408633,-121.3524817
18,ChIJ-ZFHI8PbmoARhPSmF-HKwk0,Country Club Plaza,,"shopping_mall, grocery_or_supermarket, movie_theater, store, restaurant, food, point_of_interest, establishment","2310 Watt Ave, Sacramento, CA 95825, USA 95825",95825,Sacramento,California,United States,38.6082959,-121.3805462
19,ChIJ28BtxswihYARkaXQ-D3pcEg,Nut Tree Plaza,,"shopping_mall, point_of_interest, establishment","1661 E Monte Vista Ave, Vacaville, CA 95688, USA 95688",95688,Vacaville,California,United States,38.3699076,-121.9611449
20,ChIJOzYfQ0bWmoARHcU6-0f5w00,Natomas Marketplace,,"shopping_mall, point_of_interest, establishment","I-80 & Truxel Road, Sacramento, CA 95834, USA 95834",95834,Sacramento,California,United States,38.6350518,-121.5047674
21,ChIJ-177UFLRhIARPqDZLhO50tE,Woodland Gateway,,"shopping_mall, point_of_interest, establishment","Co Rd 102, Woodland, CA 95776, USA 95776",95776,Woodland,California,United States,38.6715621,-121.7260106
22,ChIJhbpdRVfamoARR6KKHj50YYc,Pavilions Shopping Center,,"shopping_mall, point_of_interest, establishment","563 Pavilions Ln, Sacramento, CA 95825, USA 95825",95825,Sacramento,California,United States,38.5751248,-121.4096745
23,ChIJG0dcW3HFmoARpZEjzlkF2ws,Florin Towne Centre,,"shopping_mall, point_of_interest, establishment","Florin Rd & Stockton Blvd, Sacramento, CA 95823, USA 95823",95823,Sacramento,California,United States,38.4980294,-121.4339124
24,ChIJo5ip9hLHmoARSlaOjIdsHCk,Elk Grove Village,,"shopping_mall, real_estate_agency, point_of_interest, establishment","8555 Elk Grove Blvd, Elk Grove, CA 95624, USA 95624",95624,Elk Grove,California,United States,38.4101897,-121.3863154
25,ChIJzSrthbn6moARhTq6QTzeMQY,El Dorado Hills Town Center,,"shopping_mall, point_of_interest, establishment","4370 Town Center Blvd Suite 300, El Dorado Hills, CA 95762, USA 95762",95762,El Dorado Hills,California,United States,38.6510715,-121.0642349
26,ChIJd-F-cHMphYARygerefFDaCE,E Street Plaza,,"shopping_mall, point_of_interest, establishment","228 E St, Davis, CA 95616, USA 95616",95616,Davis,California,United States,38.5441003,-121.7409641
27,ChIJZyNN8KsphYARQ_nQiAyrK-w,The Davis Collection,,"shopping_mall, point_of_interest, establishment","737-885 Russell Blvd, Davis, CA 95616, USA 95616",95616,Davis,California,United States,38.5470924,-121.7608164
28,ChIJlYK2rxTdmoARo9D1CFiilrc,Rancho Cordova Town Center,,"shopping_mall, point_of_interest, establishment","10801 Olson Dr, Rancho Cordova, CA 95670, USA 95670",95670,Rancho Cordova,California,United States,38.59497889999999,-121.2835527
29,ChIJ_Z8ELWDRmoARuZ3Ssnzq1Ts,Southport Town Center,,"shopping_mall, point_of_interest, establishment","2005-2155 Jefferson Blvd, West Sacramento, CA 95691, USA 95691",95691,West Sacramento,California,United States,38.5507138,-121.5368273
30,ChIJQ1DM9iXemoARCIXviRy4sII,Citrus Town Center,,"shopping_mall, point_of_interest, establishment","7925 Greenback Ln, Citrus Heights, CA 95610, USA 95610",95610,Citrus Heights,California,United States,38.6797524,-121.2709938
31,ChIJW4YBuaushIARHGvcvR7Jnsw,Yuba Sutter Marketplace,,"shopping_mall, point_of_interest, establishment","1215 Colusa Ave, Yuba City, CA 95991, USA 95991",95991,Yuba City,California,United States,39.1436365,-121.6324252
32,ChIJaQ81N6CshIARXORgJaWDTCA,Sierra Plaza,,"shopping_mall, real_estate_agency, point_of_interest, establishment","1650 Sierra Ave #201, Yuba City, CA 95993, USA 95993",95993,Yuba City,California,United States,39.13985969999999,-121.6499688
33,ChIJz5O--lFTm4ARRO6nOGt_RAI,Yuba city ca,,"shopping_mall, point_of_interest, establishment","Yuba City, CA 95991, USA 95991",95991,Yuba City,California,United States,39.1404477,-121.6169108
34,ChIJzQBrAqyshIARbNpNa3Soihg,Sunglass Hut,3,"shopping_mall, store, point_of_interest, establishment","1285 Colusa Hwy Ste B, Yuba City, CA 95991, USA 95991",95991,Yuba City,California,United States,39.1432633,-121.632375
35,ChIJqUtwebSshIARvX9FlDY-RPE,Westbridge Village,,"shopping_mall, point_of_interest, establishment","1171 Bridge St, Yuba City, CA 95991, USA 95991",95991,Yuba City,California,United States,39.13327890000001,-121.6316895
36,ChIJM5CirT9Tm4ARI3HQNQRLCPs,Every Gone Opportunity,,"shopping_mall, clothing_store, hair_care, store, health, point_of_interest, establishment","818 5th St, Marysville, CA 95901, USA 95901",95901,Marysville,California,United States,39.1395138,-121.5958936
37,ChIJCUNMbDJTm4AR0KptaYOceb0,Hillcrest Plaza,,"shopping_mall, point_of_interest, establishment","229 Clark Ave, Yuba City, CA 95991, USA 95991",95991,Yuba City,California,United States,39.1231249,-121.6242947
38,ChIJMQCkYaCshIARoQu7G6ntGmk,Yuba City Marketplace,,"shopping_mall, point_of_interest, establishment","Tharp Rd &, Colusa Hwy, Yuba City, CA 95993, USA 95993",95993,Yuba City,California,United States,39.1423497,-121.6514678
39,ChIJQxjJmypTm4AR9zamHvG5xqs,Lincoln Plaza,,"shopping_mall, point_of_interest, establishment","1000 Lincoln Rd, Yuba City, CA 95991, USA 95991",95991,Yuba City,California,United States,39.1119342,-121.6264543
40,ChIJczRbBadTm4ARxQDopw0WwN0,Lincoln Jones Center,,"shopping_mall, point_of_interest, establishment","1040 Lincoln Rd, Yuba City, CA 95991, USA 95991",95991,Yuba City,California,United States,39.1123287,-121.6283011
41,ChIJWUxFfbxQa4gR4I8rrMLUYco,Circle Centre Mall,,"shopping_mall, point_of_interest, establishment","49 W Maryland St, Indianapolis, IN 46204, USA 46204",46204,Indianapolis,Indiana,United States,39.7651378,-86.15887029999999
42,ChIJTRjeTDFNa4gR_QYrCm-DO50,Castleton Square,,"shopping_mall, point_of_interest, establishment","6020 E 82nd St, Indianapolis, IN 46250, USA 46250",46250,Indianapolis,Indiana,United States,39.9089709,-86.0652209
43,ChIJ8d9eZltSa4gRAA7FqaXH4r4,Glendale Town Center,,"shopping_mall, point_of_interest, establishment","6101 N Keystone Ave, Indianapolis, IN 46220, USA 46220",46220,Indianapolis,Indiana,United States,39.8657701,-86.11937929999999
44,ChIJ3TAaleNca4gRkMD2K8c7L-Q,Greenwood Park Mall,,"shopping_mall, point_of_interest, establishment","1251 U.S. Hwy 31 N, Greenwood, IN 46142, USA 46142",46142,Greenwood,Indiana,United States,39.632718,-86.1204958
45,ChIJD7WKMulIa4gRGjeI_gozumk,Elegant Stylez,,"shopping_mall, hair_care, point_of_interest, establishment","2202 Yandes St, Indianapolis, IN 46205, USA 46205",46205,Indianapolis,Indiana,United States,39.7978988,-86.13848109999999
46,ChIJ21GPAgDKFIgROq5uY-Uf8NM,Hamilton Town Center,,"shopping_mall, point_of_interest, establishment","13901 Town Center Blvd, Noblesville, IN 46060, USA 46060",46060,Noblesville,Indiana,United States,39.9927104,-85.931561
47,ChIJUS6aYbRSa4gRPLZwS9iE-8I,The Fashion Mall at Keystone,,"shopping_mall, point_of_interest, establishment","8702 Keystone Crossing, Indianapolis, IN 46240, USA 46240",46240,Indianapolis,Indiana,United States,39.91399009999999,-86.10938709999999
48,ChIJ5_axdChVa4gRoU0w3E2Jfvc,College Park Plaza Shopping Center,,"shopping_mall, point_of_interest, establishment","3443-3535 W 86th St, Indianapolis, IN 46268, USA 46268",46268,Indianapolis,Indiana,United States,39.90964109999999,-86.216916
49,ChIJj7PAa6aobIgRKiMhwi7lsP4,Raceway Commons,,"shopping_mall, point_of_interest, establishment","55 S Raceway Rd, Indianapolis, IN 46231, USA 46231",46231,Indianapolis,Indiana,United States,39.7628726,-86.3257708
50,ChIJs1PFq7dba4gRwpdGGigiKxc,Southern Plaza,,"shopping_mall, point_of_interest, establishment","4200 S East St, Indianapolis, IN 46227, USA 46227",46227,Indianapolis,Indiana,United States,39.7040211,-86.1522837
51,ChIJFYwx7YYrTIYRHCf2hZihRtM,Grapevine Mills,,"shopping_mall, point_of_interest, establishment","3000 Grapevine Mills Pkwy, Grapevine, TX 76051, USA 76051",76051,Grapevine,Texas,United States,32.965993,-97.04276039999999
52,ChIJwaXgpWCIToYRVCkJEJ2LYJg,Grand Prairie Premium Outlets,,"shopping_mall, point_of_interest, establishment","2950 I-20, Grand Prairie, TX 75052, USA 75052",75052,Grand Prairie,Texas,United States,32.6793757,-97.0536398
53,ChIJSb6gni6kToYRfBu9WaZBcQ4,Town East Mall,,"shopping_mall, point_of_interest, establishment","2063 Town East Mall, Mesquite, TX 75150, USA 75150",75150,Mesquite,Texas,United States,32.8076709,-96.6237137
54,ChIJbfTPbiwRTIYRvBGRJpWE8FQ,Allen Premium Outlets,,"shopping_mall, point_of_interest, establishment","820 W Stacy Rd, Allen, TX 75013, USA 75013",75013,Allen,Texas,United States,33.1327179,-96.6607514
55,ChIJ9QtwaX4jTIYR0Miq5QKipSk,The Shops at Willow Bend,,"shopping_mall, point_of_interest, establishment","6121 W Park Blvd, Plano, TX 75093, USA 75093",75093,Plano,Texas,United States,33.0308529,-96.8320851
56,ChIJR3xmR-6eToYRUJ2jRefgG5Q,Highland Park Village,,"shopping_mall, restaurant, food, point_of_interest, establishment","47 Highland Park Village, Dallas, TX 75205, USA 75205",75205,Dallas,Texas,United States,32.8356649,-96.8056735
57,ChIJZ1JyZS2CToYRrVZJ2UZJE8I,Irving Mall,,"shopping_mall, point_of_interest, establishment","3880 Irving Mall, Irving, TX 75062, USA 75062",75062,Irving,Texas,United States,32.8404735,-96.9950129
58,ChIJwfu5e-GYToYRikmj_Cz3-bw,Dallas Farmers Market,2,"shopping_mall, restaurant, food, point_of_interest, establishment","920 S Harwood St, Dallas, TX 75201, USA 75201",75201,Dallas,Texas,United States,32.77754060000001,-96.79006360000001
59,ChIJN-E1xN94ToYRl-OwKVa8W3A,North East Mall,,"shopping_mall, point_of_interest, establishment","1101 Melbourne Rd, Hurst, TX 76053, USA 76053",76053,Hurst,Texas,United States,32.8298638,-97.1997676
60,ChIJmVUYvYzUTYYRtTLK4hd2itE,Southlake Town Square,,"shopping_mall, point_of_interest, establishment","285 Grand Ave, Southlake, TX 76092, USA 76092",76092,Southlake,Texas,United States,32.9438618,-97.1301388
61,ChIJwwPTwi-5woARbtuI_49vkMM,The Grove,2,"shopping_mall, store, restaurant, point_of_interest, food, establishment","189 The Grove Dr, Los Angeles, CA 90036, USA 90036",90036,Los Angeles,California,United States,34.0719407,-118.3575164
62,ChIJDwXFbSlL3YAR6ipesSM96e8,Del Amo Fashion Center,,"shopping_mall, point_of_interest, establishment","3525 W Carson St, Torrance, CA 90503, USA 90503",90503,Torrance,California,United States,33.8311286,-118.3493883
63,ChIJbcLfRrO-woARrV-XVvnH-wU,Beverly Center,,"shopping_mall, point_of_interest, establishment","8500 Beverly Blvd, Los Angeles, CA 90048, USA 90048",90048,Los Angeles,California,United States,34.0751706,-118.3773546
64,ChIJldB7Af_AwoAR9JS8bg2d5EY,Glendale Galleria,,"shopping_mall, point_of_interest, establishment","100 W Broadway Suite 100, Glendale, CA 91210, USA 91210",91210,Glendale,California,United States,34.1462627,-118.2567687
65,ChIJsW5ktFS3woARFefgUh-uA5k,Westfield Culver City,,"shopping_mall, department_store, shoe_store, clothing_store, restaurant, store, food, point_of_interest, establishment","6000 Sepulveda Blvd, Culver City, CA 90230, USA 90230",90230,Culver City,California,United States,33.98590279999999,-118.39321
66,ChIJ9_XeO023woARdFawSL95tYM,HHLA Entertainment,,"shopping_mall, movie_theater, restaurant, point_of_interest, food, establishment","6081 Center Dr, Los Angeles, CA 90045, USA 90045",90045,Los Angeles,California,United States,33.9780174,-118.3919372
67,ChIJ539XJnQt3YARx_PLXvgj8rI,Los Cerritos Center,,"shopping_mall, clothing_store, store, restaurant, food, point_of_interest, establishment","239 Los Cerritos Center, Cerritos, CA 90703, USA 90703",90703,Cerritos,California,United States,33.8622482,-118.0948809
68,ChIJdzBcVka-woARXKXAmSS8NW4,Universal CityWalk Hollywood,,"shopping_mall, tourist_attraction, point_of_interest, establishment","100 Universal City Plaza, Universal City, CA 91608, USA 91608",91608,Universal City,California,United States,34.1361697,-118.3537322
69,ChIJcYbDI9HXwoARM31HBxbx4Vg,Plaza West Covina,,"shopping_mall, point_of_interest, establishment","112 Plaza Dr, West Covina, CA 91790, USA 91790",91790,West Covina,California,United States,34.0706843,-117.9326269
70,ChIJwS0hgwbV3IARL4oucH0V6P8,Brea Mall,,"shopping_mall, point_of_interest, establishment","1065 Brea Mall, Brea, CA 92821, USA 92821",92821,Brea,California,United States,33.9156138,-117.8862833
71,ChIJj6yU_VRT2YARRK_XY0FcTD4,Seaport Village,2,"shopping_mall, tourist_attraction, point_of_interest, establishment","849 W Harbor Dr, San Diego, CA 92101, USA 92101",92101,San Diego,California,United States,32.7090645,-117.1709366
72,ChIJ-Vi3YjFV2YARwrGaFNvAayQ,Fashion Valley,,"shopping_mall, point_of_interest, establishment","7007 Friars Rd, San Diego, CA 92108, USA 92108",92108,San Diego,California,United States,32.7681182,-117.1667284
73,ChIJ9YPXLNMA3IARmF2_yZ7j3os,Westfield UTC,,"shopping_mall, department_store, movie_theater, shoe_store, clothing_store, store, restaurant, point_of_interest, food, establishment","4545 La Jolla Village Dr Ste E-25, San Diego, CA 92122, USA 92122",92122,San Diego,California,United States,32.87105460000001,-117.2114223
74,ChIJs2n-qRlV2YARq_acCtnYnGA,Mission Valley,,"shopping_mall, department_store, movie_theater, shoe_store, clothing_store, store, restaurant, point_of_interest, food, establishment","1640 Camino Del Rio N, San Diego, CA 92108, USA 92108",92108,San Diego,California,United States,32.7685992,-117.1480084
75,ChIJ968rNFjx24AR1OjYH85S7YA,North County Mall,,"shopping_mall, point_of_interest, establishment","272 E Via Rancho Pkwy, Escondido, CA 92025, USA 92025",92025,Escondido,California,United States,33.0715439,-117.0653704
76,ChIJ8edfSftR2YARkcftm6nIe_Y,Westfield Plaza Bonita,,"shopping_mall, department_store, shoe_store, movie_theater, clothing_store, store, restaurant, food, point_of_interest, establishment","3030 Plaza Bonita Rd Ste 2075, National City, CA 91950, USA 91950",91950,National City,California,United States,32.6559042,-117.0654853
77,ChIJUdl3tDtV2YARcNhVCjBL5n0,Hazard Center,,"shopping_mall, movie_theater, point_of_interest, establishment","7610 Hazard Center Dr, San Diego, CA 92108, USA 92108",92108,San Diego,California,United States,32.77086490000001,-117.1584995
78,ChIJs2n-qRlV2YAR-nBG0g0r8SE,Sunglass Hut,3,"shopping_mall, store, point_of_interest, establishment","1640 Camino Del Rio N Suite 216, San Diego, CA 92108, USA 92108",92108,San Diego,California,United States,32.7686336,-117.1487403
79,ChIJuXrcK-dN2YAR_cWHGwb6xwQ,Chula Vista Center,,"shopping_mall, point_of_interest, establishment","555 Broadway Suite 1019, Chula Vista, CA 91910, USA 91910",91910,Chula Vista,California,United States,32.62987590000001,-117.0860131
80,ChIJU1iJN_ty3IAR8lZ5wHoL9rQ,Carlsbad Premium Outlets,,"shopping_mall, point_of_interest, establishment","5620 Paseo Del Norte, Carlsbad, CA 92008, USA 92008",92008,Carlsbad,California,United States,33.12645509999999,-117.3210992
81,ChIJcROz_crOj4AR3blv_XtAWJM,Great Mall,,"shopping_mall, point_of_interest, establishment","447 Great Mall Dr, Milpitas, CA 95035, USA 95035",95035,Milpitas,California,United States,37.415738,-121.897412
82,ChIJq-Dg-zt444kRuM2iph02c00,San Francisco Premium Outlets,,"shopping_mall, point_of_interest, establishment","2774 Livermore Outlets Dr, Livermore, CA 94551, USA 94551",94551,Livermore,California,United States,37.6987272,-121.8440481
83,ChIJcYg4F9zjkYARnBBANOvJy-U,Gilroy Premium Outlets,,"shopping_mall, point_of_interest, establishment","681 Leavesley Rd, Gilroy, CA 95020, USA 95020",95020,Gilroy,California,United States,37.02518299999999,-121.5644706
84,ChIJKbQHeyDLj4ARDY5fLdwueaM,Santana Row,2,"shopping_mall, point_of_interest, establishment","377 Santana Row, San Jose, CA 95128, USA 95128",95128,San Jose,California,United States,37.3204835,-121.947858
85,ChIJWZA4OfXrj4ARiBChLXIk2CI,Stoneridge Shopping Center,,"shopping_mall, point_of_interest, establishment","1 Stoneridge Mall Rd, Pleasanton, CA 94588, USA 94588",94588,Pleasanton,California,United States,37.6952657,-121.9288449
86,ChIJgVfIiFC_j4ARLYEcjgbnPEk,NewPark,,"shopping_mall, point_of_interest, establishment","2086 Newpark Mall Rd, Newark, CA 94560, USA 94560",94560,Newark,California,United States,37.5262467,-122.0007545
87,ChIJxQaqfVa1j4ARGwBNHjy2ldQ,Westgate Center,,"shopping_mall, point_of_interest, establishment","1600 Saratoga Ave, San Jose, CA 95129, USA 95129",95129,San Jose,California,United States,37.2923806,-121.9887833
88,ChIJjUmd4NUzjoAR_CGjv4ZrHJY,Westfield Oakridge,,"shopping_mall, point_of_interest, establishment","925 Blossom Hill Rd, San Jose, CA 95123, USA 95123",95123,San Jose,California,United States,37.2512044,-121.8624553
89,ChIJA9GkYsI0joAR5lxjCF1qC9o,Pruneyard Shopping Center,,"shopping_mall, point_of_interest, establishment","1875 S Bascom Ave, Campbell, CA 95008, USA 95008",95008,Campbell,California,United States,37.28762010000001,-121.9325423
90,ChIJzVyz7yrNj4ARuGvOUoh75MM,Grand Century Shopping Mall,,"shopping_mall, point_of_interest, establishment","1111 Story Rd, San Jose, CA 95122, USA 95122",95122,San Jose,California,United States,37.3334333,-121.8568278
91,ChIJn7o7cFYRkFQR2aZK1iTplW4,Northgate Station,,"shopping_mall, point_of_interest, establishment","401 NE Northgate Way, Seattle, WA 98125, USA 98125",98125,Seattle,Washington,United States,47.70612269999999,-122.3258649
92,ChIJF7Wdd4ZskFQRhk02OceIcdo,Bellevue Square,,"shopping_mall, point_of_interest, establishment","575 Bellevue Square, Bellevue, WA 98004, USA 98004",98004,Bellevue,Washington,United States,47.6157647,-122.203721
93,ChIJ1W80hNNckFQRsPmFJRJvK2s,Westfield Southcenter,,"shopping_mall, department_store, movie_theater, shoe_store, clothing_store, restaurant, store, food, point_of_interest, establishment","2800 Southcenter Mall, Seattle, WA 98188, USA 98188",98188,Seattle,Washington,United States,47.4588849,-122.257964
94,ChIJnQIJT3MFkFQRoHZorbghGZ0,Alderwood,,"shopping_mall, point_of_interest, establishment","3000 184th St SW, Lynnwood, WA 98037, USA 98037",98037,Lynnwood,Washington,United States,47.8307635,-122.270296
95,ChIJBVEQxbRqkFQRoaIym1AqP1g,Pacific Place,,"shopping_mall, point_of_interest, establishment","600 Pine St, Seattle, WA 98101, USA 98101",98101,Seattle,Washington,United States,47.613372,-122.3352591
96,ChIJS6yN1T58kFQR6qFZTBLYtSA,North Bend Premium Outlets,,"shopping_mall, point_of_interest, establishment","461 S Fork Ave SW, North Bend, WA 98045, USA 98045",98045,North Bend,Washington,United States,47.490978,-121.795576
97,ChIJjYZ2uK9ykFQRp6GC602t3r4,Redmond Town Center,,"shopping_mall, point_of_interest, establishment","7525 166th Ave NE, Redmond, WA 98052, USA 98052",98052,Redmond,Washington,United States,47.6703851,-122.120144
98,ChIJdzK4gRdokFQROlLOi3I9QeE,The Landing,,"shopping_mall, point_of_interest, establishment","828 N 10th Pl, Renton, WA 98057, USA 98057",98057,Renton,Washington,United States,47.4975428,-122.2027447
99,ChIJ13EdhLptkFQR-BgSi6M_btY,Crossroads Bellevue,,"shopping_mall, point_of_interest, establishment","15600 NE 8th St, Bellevue, WA 98008, USA 98008",98008,Bellevue,Washington,United States,47.618947,-122.1305474
100,ChIJwRGeKopskFQRotXQkDW9DA4,The Shops At The Bravern,,"shopping_mall, point_of_interest, establishment","11111 NE 8th St, Bellevue, WA 98004, USA 98004",98004,Bellevue,Washington,United States,47.6165932,-122.1923996
101,ChIJfYBLkWpWrlQR-kKtU32YJzE,Sunglass Hut,3,"shopping_mall, store, point_of_interest, establishment","350 N Milwaukee St #2154, Boise, ID 83704, USA 83704",83704,Boise,Idaho,United States,43.60821399999999,-116.277462
102,ChIJ6yDQ_xdUrlQRCgbsccEdUH0,Meridian Crossroads,,"shopping_mall, point_of_interest, establishment","E Fairview Ave, Meridian, ID 83642, USA 83642",83642,Meridian,Idaho,United States,43.6178629,-116.3507266
103,ChIJow9hxu5WrlQRPtXs9SNVddY,Country Square Shopping Center,,"shopping_mall, point_of_interest, establishment","10489 W Overland Rd, Boise, ID 83709, USA 83709",83709,Boise,Idaho,United States,43.58953039999999,-116.3128611
104,ChIJCci53JhMrlQRFjzqyty_bk4,Karcher Mall,,"shopping_mall, point_of_interest, establishment","1509 Caldwell Blvd, Nampa, ID 83651, USA 83651",83651,Nampa,Idaho,United States,43.6020044,-116.5998863
105,ChIJ0a5Ob2tWrlQR2BnvI9hKO2g,Sunglass Hut at Macy's,3,"department_store, shopping_mall, store, point_of_interest, establishment","370 N Milwaukee St, Boise, ID 83704, USA 83704",83704,Boise,Idaho,United States,43.6083806,-116.2800904
106,ChIJbwWA6QJUrlQRB1eMmikjoJM,Lanark Street Strip Center,,"shopping_mall, point_of_interest, establishment","3131 E Lanark St, Meridian, ID 83642, USA 83642",83642,Meridian,Idaho,United States,43.6067767,-116.3557966
107,ChIJy8PACHP4rlQRLSGMqK2zwi8,Vista Plaza,,"shopping_mall, point_of_interest, establishment","500-572 S Vista Ave, Boise, ID 83705, USA 83705",83705,Boise,Idaho,United States,43.5994441,-116.2131257
108,ChIJWyq6WmtWrlQRTlrOIhON5VY,Boise Towne Square,,"shopping_mall, point_of_interest, establishment","350 N Milwaukee St, Boise, ID 83704, USA 83704",83704,Boise,Idaho,United States,43.6073835,-116.2789224
109,ChIJI-mQ7z5UrlQRudMQ11uj7W4,The Village at Meridian,,"shopping_mall, point_of_interest, establishment","3597 E Monarch Sky Ln #225, Meridian, ID 83646, USA 83646",83646,Meridian,Idaho,United States,43.6208703,-116.3492707
110,ChIJ44O5vGtMrlQRnYcrBvlGJTE,Village Square,,"shopping_mall, point_of_interest, establishment","1305 2nd St S, Nampa, ID 83651, USA 83651",83651,Nampa,Idaho,United States,43.5771611,-116.5597155
111,ChIJFX_HOVe15YgRmpUhWg9sr_o,St Johns Town Center,,"shopping_mall, point_of_interest, establishment","4663 River City Dr, Jacksonville, FL 32246, USA 32246",32246,Jacksonville,Florida,United States,30.2568706,-81.5253244
112,ChIJZescz02u5YgROe_PQezaXx4,River City Marketplace,,"shopping_mall, point_of_interest, establishment","725 Skymarks Dr, Jacksonville, FL 32218, USA 32218",32218,Jacksonville,Florida,United States,30.4807854,-81.6352419
113,ChIJjQlbVnPL5YgRwhQ3x54IjZE,The Avenues,,"shopping_mall, point_of_interest, establishment","10300 Southside Blvd, Jacksonville, FL 32256, USA 32256",32256,Jacksonville,Florida,United States,30.184439,-81.554024
114,ChIJ0_1ZNn3G5YgRz1Q1eEyIqSA,Sunglass Hut,3,"shopping_mall, point_of_interest, store, establishment","1910 Wells Rd Suite D09, Orange Park, FL 32073, USA 32073",32073,Orange Park,Florida,United States,30.184979,-81.73441900000002
115,ChIJAe6dVcGw5YgRDyOIxzWXnU4,Gateway Town Center,,"shopping_mall, point_of_interest, establishment","5000-7 Norwood Ave, Jacksonville, FL 32208, USA 32208",32208,Jacksonville,Florida,United States,30.3718608,-81.66627729999999
116,ChIJ0QIa4EW75YgRvbHYbPkyv3s,Dunn Village,,"shopping_mall, point_of_interest, establishment","11340 Rolling River Blvd, Jacksonville, FL 32219, USA 32219",32219,Jacksonville,Florida,United States,30.4404716,-81.7619094
117,ChIJyRpxbl7O5YgRmGlWKeQVa8Q,Julington Village,,"shopping_mall, grocery_or_supermarket, store, restaurant, point_of_interest, food, establishment","450 State Rd 13 N, Jacksonville, FL 32259, USA 32259",32259,Jacksonville,Florida,United States,30.1193922,-81.6269694
118,ChIJ4yQiYp7B5YgR5z-FFIDLpA8,Oakleaf Town Center,,"shopping_mall, point_of_interest, establishment","9625-9751 Crosshill Blvd, Jacksonville, FL 32222, USA 32222",32222,Jacksonville,Florida,United States,30.1986536,-81.82671599999999
119,ChIJq0j125zB5YgR6RIU8x3ifUs,OakLeaf Plantation Center,,"shopping_mall, point_of_interest, establishment","8042 Old Middleburg Rd S, Jacksonville, FL 32222, USA 32222",32222,Jacksonville,Florida,United States,30.1936823,-81.8259271
120,ChIJZYO8IDvE5YgRX40i1SEhxdM,Pine Tree Plaza,,"shopping_mall, grocery_or_supermarket, store, restaurant, food, point_of_interest, establishment","410 Blanding Blvd, Orange Park, FL 32073, USA 32073",32073,Orange Park,Florida,United States,30.1632247,-81.74887629999999
121,ChIJtUYU2zIMloARtzjxcJb2nnc,Mammoth Mall Shopping Center,,"shopping_mall, point_of_interest, establishment","Old Mammoth Rd, Mammoth Lakes, CA 93546, USA 93546",93546,Mammoth Lakes,California,United States,37.6444104,-118.9668737
122,ChIJAQCwjLoNloARZTcoxTPDdBQ,Eastern Sierra Mountain Club,,"shopping_mall, point_of_interest, establishment","6201 Minaret Rd, Crowley Lake, CA 93546, USA 93546",93546,Crowley Lake,California,United States,37.651188,-118.985293
123,ChIJ9xhogLoNloARYDjjWdDYu9I,The Village At Mammoth,,"shopping_mall, point_of_interest, establishment","6201 Minaret Rd, Mammoth Lakes, CA 93546, USA 93546",93546,Mammoth Lakes,California,United States,37.6507522,-118.9851343
124,ChIJtYfQxcsNloARX1QqGicHc5o,Red Rooster Shopping Center,,"shopping_mall, point_of_interest, establishment","Main St, Mammoth Lakes, CA 93546, USA 93546",93546,Mammoth Lakes,California,United States,37.6482707,-118.9743328
125,ChIJt9lG6FwNloARWsbi2iB_KcE,Rite Aid DIY Center,,"shopping_mall, point_of_interest, establishment","26 Old Mammoth Rd, Mammoth Lakes, CA 93546, USA 93546",93546,Mammoth Lakes,California,United States,37.6457347,-118.9671663
126,ChIJpTU1DoYNloAROTY5RZszrKk,Mammoth Lakes Music,,"shopping_mall, point_of_interest, establishment","452 Old Mammoth Rd, Mammoth Lakes, CA 93546, USA 93546",93546,Mammoth Lakes,California,United States,37.6395856,-118.9675105
127,ChIJj8siQDAMloAR4NxhMmdjORg,Sherwin Plaza Shopping Center,,"shopping_mall, point_of_interest, establishment","625-645 Old Mammoth Rd, Mammoth Lakes, CA 93546, USA 93546",93546,Mammoth Lakes,California,United States,37.637185,-118.9661174
128,ChIJ51pKtVL6wokRcgTPdEqH1ME,Westfield Garden State Plaza,,"shopping_mall, department_store, movie_theater, shoe_store, clothing_store, store, restaurant, point_of_interest, food, establishment","One Garden State Plaza Pkwy, Paramus, NJ 07652, USA 07652",07652,Paramus,New Jersey,United States,40.91817289999999,-74.076331
129,ChIJh1-uWKEBw4kR0d4_xMMhW-o,Willowbrook,,"shopping_mall, point_of_interest, establishment","1400 Willowbrook Blvd, Wayne, NJ 07470, USA 07470",07470,Wayne,New Jersey,United States,40.8891249,-74.2596643
130,ChIJsfGZN3x9wokRtktJeWWr2-Y,Roosevelt Field,,"shopping_mall, point_of_interest, establishment","630 Old Country Rd, Garden City, NY 11530, USA 11530",11530,Garden City,New York,United States,40.7381999,-73.6127522
131,ChIJL63bt1NXwokRZxRkIGSsRwQ,Newport Centre,,"shopping_mall, point_of_interest, establishment","30 Mall Dr W, Jersey City, NJ 07310, USA 07310",07310,Jersey City,New Jersey,United States,40.7270824,-74.0380689
132,ChIJOXTm-ktkwokRo5pfNZ565wc,Green Acres Mall,,"shopping_mall, clothing_store, store, restaurant, point_of_interest, food, establishment","2034 Green Acres Mall, Sunrise Hwy, Valley Stream, NY 11581, USA 11581",11581,Valley Stream,New York,United States,40.66245909999999,-73.7192917
133,ChIJfeOchwtgwokRZs8yu1Y2JMQ,Sky View Parc Luxury Condominiums,,"shopping_mall, point_of_interest, establishment","40-22 College Point Blvd, Flushing, NY 11354, USA 11354",11354,,New York,United States,40.75725089999999,-73.8357169
134,ChIJNy3WVBW2w4kRF6IQ3ncZED4,Menlo Park Mall,,"shopping_mall, point_of_interest, establishment","55 Parsonage Rd, Edison, NJ 08837, USA 08837",08837,Edison,New Jersey,United States,40.54772759999999,-74.33553239999999
135,ChIJ0_Nm6c-1w4kRpAwSsQsu9lc,Woodbridge Center,,"shopping_mall, point_of_interest, establishment","250 Woodbridge Center Dr, Woodbridge Township, NJ 07095, USA 07095",07095,Woodbridge Township,New Jersey,United States,40.55670449999999,-74.2993666
136,ChIJWb3SaTCUwokRX_ZI5Np-Ruk,The Westchester,,"shopping_mall, point_of_interest, establishment","125 Westchester Ave, White Plains, NY 10601, USA 10601",10601,White Plains,New York,United States,41.03137299999999,-73.7590479
137,ChIJMQW5NIdLwokR8jmOUJsxtso,Staten Island Mall,,"shopping_mall, point_of_interest, establishment","2655 Richmond Ave, Staten Island, NY 10314, USA 10314",10314,,New York,United States,40.5818451,-74.1658599
138,ChIJy9M2zVcMlVQRq1JHJmZthm8,Washington Square,,"shopping_mall, clothing_store, restaurant, store, food, point_of_interest, establishment","9585 SW Washington Square Rd, Portland, OR 97223, USA 97223",97223,Portland,Oregon,United States,45.4502491,-122.7812183
139,ChIJO7KMM7SglVQR5L28fFq9RN8,Lloyd Center,,"shopping_mall, point_of_interest, establishment","2201 Lloyd Center, Portland, OR 97232, USA 97232",97232,Portland,Oregon,United States,45.5325611,-122.6535861
140,ChIJnYnrbetylVQROv3TC5iu6SI,Bridgeport Village,,"shopping_mall, point_of_interest, establishment","7455 SW Bridgeport Rd, Tigard, OR 97224, USA 97224",97224,Tigard,Oregon,United States,45.3964995,-122.7521371
141,ChIJ0c6lfemvlVQRwAC16NXufZs,Vancouver Mall,,"shopping_mall, point_of_interest, establishment","8700 NE Vancouver Mall Dr, Vancouver, WA 98662, USA 98662",98662,Vancouver,Washington,United States,45.6574924,-122.5843646
142,ChIJnyaLa3h1lVQR_cx_vRODVLM,Clackamas Town Center,,"shopping_mall, point_of_interest, establishment","12000 SE 82nd Ave, Happy Valley, OR 97086, USA 97086",97086,Happy Valley,Oregon,United States,45.4358909,-122.5732894
143,ChIJU99YVAyklVQRPYvZspSlCSM,Cascade Station,,"shopping_mall, point_of_interest, establishment","9721-10243, NE Cascades Pkwy, Portland, OR 97220, USA 97220",97220,Portland,Oregon,United States,45.5744818,-122.5605537
144,ChIJH4wFbwUKlVQRYoMsKIt6lTg,Pioneer Place,,"shopping_mall, point_of_interest, establishment","700 SW 5th Ave, Portland, OR 97204, USA 97204",97204,Portland,Oregon,United States,45.5183547,-122.6773
145,ChIJC33l5I-vlVQR9EBwuQWUiAc,Vancouver Plaza,,"shopping_mall, point_of_interest, establishment","7809 NE Vancouver Plaza Dr, Vancouver, WA 98662, USA 98662",98662,Vancouver,Washington,United States,45.6487742,-122.5924551
146,ChIJuc-d4LwOlVQRI8FvLQpr4r8,Cedar Hills Crossing,,"shopping_mall, movie_theater, grocery_or_supermarket, clothing_store, restaurant, food, point_of_interest, store, establishment","3205 SW Cedar Hills Blvd, Beaverton, OR 97005, USA 97005",97005,Beaverton,Oregon,United States,45.496669,-122.8111678
147,ChIJM_aHJpyolVQRqQIcXWuBCXE,Jantzen Beach Center,,"shopping_mall, point_of_interest, establishment","1405 Jantzen Beach Center, Portland, OR 97217, USA 97217",97217,Portland,Oregon,United States,45.61312119999999,-122.6852361
148,ChIJl0znByfY3IAR-nRhF0Etzlw,The Outlets at Orange,,"shopping_mall, point_of_interest, establishment","20 City Blvd W, Orange, CA 92868, USA 92868",92868,Orange,California,United States,33.7826657,-117.8930882
149,ChIJFwxnxM-kwoARewIypbH6UsU,Downtown Santa Monica,,"shopping_mall, point_of_interest, establishment","1351 3rd Street Promenade, Santa Monica, CA 90401, USA 90401",90401,Santa Monica,California,United States,34.0160639,-118.4962272
150,ChIJcXAJyJSXwoAR8PLO1IrKPgg,Sherman Oaks Galleria,,"shopping_mall, point_of_interest, establishment","15301 Ventura Blvd, Sherman Oaks, CA 91403, USA 91403",91403,Los Angeles,California,United States,34.15492920000001,-118.4665507
151,ChIJX7X1sHSbwoARUkZil0PkMkU,Northridge Fashion Center,,"shopping_mall, point_of_interest, establishment","9301 Tampa Ave, Northridge, CA 91324, USA 91324",91324,Los Angeles,California,United States,34.23828890000001,-118.5550537
152,ChIJ1XMCvjOWwoARCa0zX6d4-ZQ,Westfield Fashion Square,,"shopping_mall, department_store, clothing_store, shoe_store, store, restaurant, food, point_of_interest, establishment","14006 Riverside Dr, Sherman Oaks, CA 91423, USA 91423",91423,Los Angeles,California,United States,34.1563697,-118.4364502
153,ChIJGV7bwSO_woAREmk19zmWw-k,Ovation Hollywood,0,"shopping_mall, point_of_interest, establishment","6801 Hollywood Blvd, Hollywood, CA 90028, USA 90028",90028,Los Angeles,California,United States,34.1023194,-118.3399992
154,ChIJS9ELiEIm3YAR40G9FobPVwA,Bella Terra Mall,,"shopping_mall, point_of_interest, establishment","7777 Edinger Ave, Huntington Beach, CA 92647, USA 92647",92647,Huntington Beach,California,United States,33.7314265,-117.993809
155,ChIJRRWxRYzLwoARCveAWTug7Y8,Plaza Mexico,,"shopping_mall, point_of_interest, establishment","3100 E Imperial Hwy, Lynwood, CA 90262, USA 90262",90262,Lynwood,California,United States,33.9288527,-118.2139018
156,ChIJVUNzzQUm3YARlxv208EuOgA,Westminster Mall,,"shopping_mall, point_of_interest, establishment","1025 Westminster Mall, Westminster, CA 92683, USA 92683",92683,Westminster,California,United States,33.74725899999999,-118.0123144
157,ChIJfZYWckbQwoARVZZ9A_X6FLw,The Shops at Montebello,,"shopping_mall, point_of_interest, establishment","2134 Montebello Town Center, Montebello, CA 90640, USA 90640",90640,Montebello,California,United States,34.0359243,-118.0841127
158,ChIJaT3tefHEwogRR95KBxBYaYc,Channelside Bay Plaza,2,"shopping_mall, point_of_interest, establishment","615 Channelside Dr, Tampa, FL 33602, USA 33602",33602,Tampa,Florida,United States,27.9428019,-82.44731759999999
159,ChIJAXZBREmwwogRA-AvLv9EQfM,The Grove at Wesley Chapel,,"shopping_mall, point_of_interest, establishment","Wesley Grove Blvd, Wesley Chapel, FL 33544, USA 33544",33544,Wesley Chapel,Florida,United States,28.2433804,-82.3527537
160,ChIJj3-B1hU53YgRZhfQ0jR301k,Sunglass Hut,3,"shopping_mall, store, point_of_interest, establishment","1481 Town Center Dr Space D110, Lakeland, FL 33803, USA 33803",33803,Lakeland,Florida,United States,28.0006197,-81.9796983
161,ChIJraVcblPCwogRrIfldNUY5D8,Sunglass Hut,3,"shopping_mall, store, point_of_interest, establishment","2223 N Westshore Blvd #235, Tampa, FL 33607, USA 33607",33607,Tampa,Florida,United States,27.9647152,-82.5203263
162,ChIJQyZlfELOwogR9sOSdn5ZWLk,Brandon Mall,,"shopping_mall, department_store, shoe_store, clothing_store, store, restaurant, food, point_of_interest, establishment","459 Brandon Town Center Dr, Brandon, FL 33511, USA 33511",33511,Brandon,Florida,United States,27.9321346,-82.3258237
163,ChIJj3-B1hU53YgRNU9uhCecPi0,Lakeside Village,,"shopping_mall, point_of_interest, establishment","1479 Town Center Dr, Lakeland, FL 33803, USA 33803",33803,Lakeland,Florida,United States,28.00001049999999,-81.9797133
164,ChIJdQcBSj5H3YgR3YE6wRn1SPc,Sunglass Hut,3,"shopping_mall, point_of_interest, store, establishment","3800 US Hwy 98 N #724, Lakeland, FL 33809, USA 33809",33809,Lakeland,Florida,United States,28.091121,-81.977768
165,ChIJEWLPgsPGwogR982wtbVPCWo,Northgate Shopping Center,,"shopping_mall, point_of_interest, establishment","Tampa, FL 33604, USA 33604",33604,Tampa,Florida,United States,28.0309345,-82.4583932
166,ChIJNYOzj0BH3YgRjSFTSQXTKyI,Dillard's,3,"department_store, shopping_mall, shoe_store, clothing_store, home_goods_store, store, point_of_interest, establishment","3800 US Hwy 98 N, Lakeland, FL 33809, USA 33809",33809,Lakeland,Florida,United States,28.0921528,-81.9773361
167,ChIJTxkGltDrwogRaAKxr3kUOUE,Bayport Commons,,"shopping_mall, point_of_interest, establishment","11643 - 11725 W Hillsborough Ave, Tampa, FL 33635, USA 33635",33635,Tampa,Florida,United States,28.0160241,-82.6141695
168,ChIJYwQzx0T8kFQRNAM2Ki6_OQ8,South Hill Mall,,"shopping_mall, point_of_interest, establishment","3500 S Meridian, Puyallup, WA 98373, USA 98373",98373,Puyallup,Washington,United States,47.158102,-122.297266
169,ChIJdcXIKkxWkFQRMitnJk1u5OI,The Commons At Federal Way,,"shopping_mall, point_of_interest, establishment","1928 S Commons, Federal Way, WA 98003, USA 98003",98003,Federal Way,Washington,United States,47.3133116,-122.3081571
170,ChIJEaqbEgIAkVQR5Huow6buVV8,Tacoma Mall,,"shopping_mall, point_of_interest, establishment","4502 S Steele St, Tacoma, WA 98409, USA 98409",98409,Tacoma,Washington,United States,47.2160921,-122.4687412
171,ChIJ8XU4fWdBkFQRGV2hWPV1CLY,Westwood Village,,"shopping_mall, point_of_interest, establishment","2600 SW Barton St, Seattle, WA 98126, USA 98126",98126,Seattle,Washington,United States,47.5227266,-122.3669602
172,ChIJG586rIhskFQROohpT2geS10,Lincoln Square South,,"shopping_mall, bowling_alley, movie_theater, lodging, restaurant, point_of_interest, food, establishment","500 Bellevue Way NE, Bellevue, WA 98004, USA 98004",98004,Bellevue,Washington,United States,47.6142475,-122.2007738
173,ChIJU3W5K6R1kVQRLELW-jqtV-c,Sunglass Hut at Macy's,3,"department_store, shopping_mall, store, point_of_interest, establishment","625 Black Lake Blvd SW, Olympia, WA 98502, USA 98502",98502,Olympia,Washington,United States,47.0419791,-122.9361681
174,ChIJLSHXlQJdkFQRzRpqXWmTMRE,Great Wall Shopping Mall,,"shopping_mall, point_of_interest, establishment","18230 E Valley Hwy, Kent, WA 98032, USA 98032",98032,Kent,Washington,United States,47.4388051,-122.2207834
175,ChIJwWJGtlVVkFQRvXeslZCK5ug,Lincoln Plaza,,"shopping_mall, point_of_interest, establishment","2505 S 38th St, Tacoma, WA 98409, USA 98409",98409,Tacoma,Washington,United States,47.2230556,-122.4702778
176,ChIJKSNa-_8DkVQRN-95CLs5VCg,McChord Field Main Exchange,,"department_store, shopping_mall, point_of_interest, store, establishment","504, McChord AFB, WA 98438, USA 98438",98438,McChord Air Force Base,Washington,United States,47.1269607,-122.495819
177,ChIJ2RO4FFcUkFQREidSoi9HrYk,Wallingford Center,,"shopping_mall, clothing_store, store, point_of_interest, establishment","1815 N 45th St, Seattle, WA 98103, USA 98103",98103,Seattle,Washington,United States,47.6609106,-122.335703
178,ChIJx2uH_JlF2YARzJpjnq-Flnk,Otay Ranch Town Center,2,"shopping_mall, point_of_interest, establishment","2015 Birch Rd, Chula Vista, CA 91915, USA 91915",91915,Chula Vista,California,United States,32.6235991,-116.9679165
179,ChIJA4D7BPYA3IARYPEkR8XNvkM,Clairemont Town Square,,"shopping_mall, point_of_interest, establishment","4821 Clairemont Dr, San Diego, CA 92117, USA 92117",92117,San Diego,California,United States,32.8303572,-117.2033988
180,ChIJ5WMMPQSr3oARCtsMmhYUEqY,Liberty Station,,"shopping_mall, art_gallery, museum, point_of_interest, establishment","2640 Historic Decatur Rd, San Diego, CA 92106, USA 92106",92106,San Diego,California,United States,32.7376006,-117.2134718
181,ChIJc3tO7RpJ2YARux-Vk60iMmM,Sunglass Hut,3,"shopping_mall, point_of_interest, store, establishment","4201 Camino De La Plaza #122, San Diego, CA 92173, USA 92173",92173,San Diego,California,United States,32.543793,-117.0423679
182,ChIJS9i-CrUI3IARHNSQsn48JXw,Del Mar Plaza,,"shopping_mall, point_of_interest, establishment","1555 Camino Del Mar, Del Mar, CA 92014, USA 92014",92014,Del Mar,California,United States,32.96006390000001,-117.2649918
183,ChIJ2el6d80G3IAR01B8PQS7UQ8,La Jolla Village Square,,"shopping_mall, point_of_interest, establishment","8657 Villa La Jolla Dr, La Jolla, CA 92037, USA 92037",92037,San Diego,California,United States,32.8656579,-117.2319514
184,ChIJ_TdW0ioH3IARL8rsdQJxmfU,Costa Verde Center,,"shopping_mall, grocery_or_supermarket, store, restaurant, food, point_of_interest, establishment","8410-8750 Genesee Ave, San Diego, CA 92122, USA 92122",92122,San Diego,California,United States,32.8677703,-117.2152368
185,ChIJ0YepMwY42YARXwwtSfcXUbs,Plaza Somis,,"shopping_mall, point_of_interest, establishment","Blvd. Gustavo Díaz Ordaz 1027_1, Jose Sandoval, 22105 Tijuana, B.C., Mexico 22105",22105,Tijuana,Baja California,Mexico,32.5038093,-116.9742446
186,ChIJd55c5S8G3IARs4GmB56504g,Piazza Carmel,,"shopping_mall, point_of_interest, establishment","3810 Valley Centre Dr, San Diego, CA 92130, USA 92130",92130,San Diego,California,United States,32.938502,-117.2312016
187,ChIJAzaa1ZwI3IARheNs8Rneqbo,Del Mar Highlands Town Center,,"shopping_mall, point_of_interest, establishment","12925 El Camino Real, San Diego, CA 92130, USA 92130",92130,San Diego,California,United States,32.9522222,-117.2325
188,ChIJW9BrxVAP9YgRqTaMGcXMdko,Phipps Plaza,,"shopping_mall, point_of_interest, establishment","3500 Peachtree Rd NE, Atlanta, GA 30326, USA 30326",30326,Atlanta,Georgia,United States,33.852544,-84.361986
189,ChIJJ-3w2Gp19YgRP8l-Wq8peiU,North Point Mall,,"shopping_mall, point_of_interest, establishment","1000 North Point Cir, Alpharetta, GA 30022, USA 30022",30022,Alpharetta,Georgia,United States,34.04835069999999,-84.2946511
190,ChIJQ8XlZZId9YgRTYSy2xVX7Hg,Greenbriar Mall,,"shopping_mall, point_of_interest, establishment","2841 Greenbriar Pkwy SW, Atlanta, GA 30331, USA 30331",30331,Atlanta,Georgia,United States,33.6883944,-84.4935222
191,ChIJB9MvIrMn9YgRq1EzK9h6Qk8,Arbor Place,,"shopping_mall, atm, finance, point_of_interest, establishment","6700 Douglas Blvd, Douglasville, GA 30135, USA 30135",30135,Douglasville,Georgia,United States,33.72867189999999,-84.74465130000002
192,ChIJvffBmj299YgRC8maXhvD68o,Sugarloaf Mills,,"shopping_mall, point_of_interest, establishment","5900 Sugarloaf Pkwy, Lawrenceville, GA 30043, USA 30043",30043,Lawrenceville,Georgia,United States,33.98067139999999,-84.0809653
193,ChIJxdrSxFoJ9YgRlbpBhFy4nig,Perimeter Mall,,"shopping_mall, point_of_interest, establishment","4400 Ashford Dunwoody Rd, Atlanta, GA 30346, USA 30346",30346,Atlanta,Georgia,United States,33.9237162,-84.341008
194,ChIJk2Wg6kQQ9YgR2w-C0eScQRo,Cumberland Mall,,"shopping_mall, point_of_interest, establishment","2860 Cumberland Mall, Atlanta, GA 30339, USA 30339",30339,Atlanta,Georgia,United States,33.880833,-84.4697137
195,ChIJ_6Z60uWn9YgR3MnpZJem4ZU,Northlake Mall,,"shopping_mall, point_of_interest, establishment","4800 Briarcliff Rd NE, Atlanta, GA 30345, USA 30345",30345,Atlanta,Georgia,United States,33.8498427,-84.2548238
196,ChIJGxEynYUH9YgRq8LTaTNcD40,Lulah Hills,,"shopping_mall, point_of_interest, establishment","2050 Lawrenceville Hwy, Decatur, GA 30033, USA 30033",30033,Decatur,Georgia,United States,33.8083355,-84.27810749999999
197,ChIJk8PKSvYE9YgR9a2Nw6XPFt8,Atlantic Station,,"shopping_mall, point_of_interest, establishment","1380 Atlantic Dr NW, Atlanta, GA 30363, USA 30363",30363,Atlanta,Georgia,United States,33.79249830000001,-84.39651820000002
198,ChIJ2U7tifR2PIgRoOuJxnbMw1s,The Town Center at Levis Commons,,"shopping_mall, point_of_interest, establishment","3201 Levis Commons Blvd, Perrysburg, OH 43551, USA 43551",43551,Perrysburg,Ohio,United States,41.527163,-83.6389164
199,ChIJNXBKfx1xPIgRMT8aYgTYC04,The Shops At Fallen Timbers,,"shopping_mall, atm, finance, point_of_interest, establishment","3100 Main St Suite 1599, Maumee, OH 43537, USA 43537",43537,Maumee,Ohio,United States,41.5470317,-83.70582999999999
200,ChIJDVxMmPt-PIgR5fZjMFSC2Aw,Sunglass Hut,3,"shopping_mall, point_of_interest, store, establishment","5001 Monroe St #1565, Toledo, OH 43623, USA 43623",43623,Toledo,Ohio,United States,41.6946926,-83.6408508
201,ChIJrQK3Tft-PIgRPHVzujQ8kgc,Franklin Park Mall,,"shopping_mall, point_of_interest, establishment","5001 Monroe St, Toledo, OH 43623, USA 43623",43623,Toledo,Ohio,United States,41.6945538,-83.6407399
202,ChIJ0wjMfCR_PIgRFQa1h4mGIwY,Westgate Village Shopping Center,,"shopping_mall, point_of_interest, establishment","3450 Central Ave, Toledo, OH 43606, USA 43606",43606,Toledo,Ohio,United States,41.6783218,-83.6234436
203,ChIJCVcXhRELPIgRNbGaLS146mk,Woodland Mall,,"shopping_mall, point_of_interest, establishment","1234 N Main St #62, Bowling Green, OH 43402, USA 43402",43402,Bowling Green,Ohio,United States,41.3979319,-83.64831269999999
204,ChIJ-Y6KheV5PIgRoGPZcpjuoDw,Pillars Plaza,,"shopping_mall, point_of_interest, establishment","5122 Heatherdowns Blvd, Toledo, OH 43614, USA 43614",43614,Toledo,Ohio,United States,41.5952638,-83.6630017
205,ChIJyXa6cRhvO4gR6Sok4RZTiyg,The Mall of Monroe,,"shopping_mall, point_of_interest, establishment","2121 N Monroe St, Monroe, MI 48162, USA 48162",48162,Monroe,Michigan,United States,41.9472118,-83.3865296
206,ChIJf_jOgk94PIgRmlSKrFNqdfg,Foundation Park Plaza,,"shopping_mall, point_of_interest, establishment","1515 S Byrne Rd, Toledo, OH 43614, USA 43614",43614,Toledo,Ohio,United States,41.611393,-83.6244201
207,ChIJOydox36AO4gRjBZ-lg9JupA,Miracle Mile Shopping Plaza,,"shopping_mall, point_of_interest, establishment","4925 Jackman Rd, Toledo, OH 43613, USA 43613",43613,Toledo,Ohio,United States,41.7046411,-83.5883373
208,ChIJlYYq3iLEyIAR7W-7y3M7wbE,Wynn Las Vegas,,"casino, shopping_mall, lodging, tourist_attraction, point_of_interest, establishment","3131 Las Vegas Blvd S, Las Vegas, NV 89109, USA 89109",89109,Las Vegas,Nevada,United States,36.126119,-115.1619583
209,ChIJPeO6BTLEyIAR3p_wODW00vU,The Shops at Crystals,,"shopping_mall, point_of_interest, establishment","3720 S Las Vegas Blvd, Las Vegas, NV 89158, USA 89158",89158,Las Vegas,Nevada,United States,36.1078894,-115.1744628
210,ChIJT1Z7mvDFyIAR1kEMDgEcZzI,Town Square Las Vegas,,"shopping_mall, point_of_interest, establishment","6605 S Las Vegas Blvd, Las Vegas, NV 89119, USA 89119",89119,Las Vegas,Nevada,United States,36.0677968,-115.1762255
211,ChIJl8rr6pbDyIARIKXeAEgzMeU,Las Vegas North Premium Outlets,,"shopping_mall, point_of_interest, establishment","875 S Grand Central Pkwy, Las Vegas, NV 89106, USA 89106",89106,Las Vegas,Nevada,United States,36.16365079999999,-115.1577492
212,ChIJEZlE9VzPyIARLYi8-MeY2M0,Las Vegas South Premium Outlets,,"shopping_mall, point_of_interest, establishment","7400 Las Vegas Blvd S, Las Vegas, NV 89123, USA 89123",89123,Las Vegas,Nevada,United States,36.0539333,-115.1689283
213,ChIJSyeHuxbEyIARxRITVkNdwkk,Fashion Show Las Vegas,,"shopping_mall, point_of_interest, establishment","3200 Las Vegas Blvd S Ste. 600, Las Vegas, NV 89109, USA 89109",89109,Las Vegas,Nevada,United States,36.12747760000001,-115.171197
214,ChIJSfBqxTzEyIARuYjvD1pecJ8,The Forum Shops at Caesars,,"shopping_mall, point_of_interest, establishment","3500 Las Vegas Blvd S, Las Vegas, NV 89109, USA 89109",89109,Las Vegas,Nevada,United States,36.119001,-115.1761257
215,ChIJSVCC6nvByIARqjIif5GDXEA,Meadows Mall,,"shopping_mall, point_of_interest, establishment","4300 Meadows Ln, Las Vegas, NV 89107, USA 89107",89107,Las Vegas,Nevada,United States,36.1725082,-115.1964086
216,ChIJe64G4Z_DyIARNFDM0lNK7xk,Fremont Street Experience,,"shopping_mall, casino, tourist_attraction, point_of_interest, establishment","Fremont St, Las Vegas, NV 89101, USA 89101",89101,Las Vegas,Nevada,United States,36.1707275,-115.1438229
217,ChIJC49X3jDEyIARzluW1U3js8M,Miracle Mile Shops,,"shopping_mall, point_of_interest, establishment","3663 Las Vegas Blvd S, Las Vegas, NV 89109, USA 89109",89109,Las Vegas,Nevada,United States,36.10934040000001,-115.1725728
218,ChIJh_lm4VkPK4cRXbEZE_pSxx0,Arizona Mills,,"shopping_mall, point_of_interest, establishment","5000 S Arizona Mills Cir, Tempe, AZ 85282, USA 85282",85282,Tempe,Arizona,United States,33.3830454,-111.9644722
219,ChIJ5-IEQ22xK4cRtnTHyeI9i0s,Mesa Market Place Swap Meet,2,"shopping_mall, shoe_store, jewelry_store, clothing_store, furniture_store, home_goods_store, general_contractor, point_of_interest, store, establishment","10550 E Baseline Rd, Mesa, AZ 85209, USA 85209",85209,Mesa,Arizona,United States,33.38163830000001,-111.6052242
220,ChIJA0lE4VkPK4cRY5QfRtpHg7I,Sunglass Hut,3,"shopping_mall, store, point_of_interest, establishment","5000 S Arizona Mills Cir Suite 635, Tempe, AZ 85282, USA 85282",85282,Tempe,Arizona,United States,33.38468590000001,-111.9647561
221,ChIJ-Y-LONkGK4cR95cTml1A1NU,McRay Plaza,,"shopping_mall, point_of_interest, establishment","3875 W Ray Rd, Chandler, AZ 85226, USA 85226",85226,Chandler,Arizona,United States,33.3186442,-111.9090134
222,ChIJ0ZPM-7WvK4cRZCdEun8NQ34,Superstition Springs Center,,"shopping_mall, clothing_store, store, restaurant, food, point_of_interest, establishment","6555 E Southern Ave, Mesa, AZ 85206, USA 85206",85206,Mesa,Arizona,United States,33.3902535,-111.6902089
223,ChIJ-S0mfkKsK4cRQLoJ9ktOjwQ,SanTan Village,,"shopping_mall, clothing_store, store, restaurant, food, point_of_interest, establishment","2218 E Williams Field Rd Suite 235, Gilbert, AZ 85295, USA 85295",85295,Gilbert,Arizona,United States,33.3111206,-111.7429808
224,ChIJIZ03OxQIK4cRJPCFmd8_uuw,Mekong Plaza,,"shopping_mall, supermarket, grocery_or_supermarket, store, food, point_of_interest, establishment","66 S Dobson Rd, Mesa, AZ 85202, USA 85202",85202,Mesa,Arizona,United States,33.4131865,-111.8756448
225,ChIJA0lE4VkPK4cRQOV3u2P43Ck,Millard Mall Services,,"shopping_mall, point_of_interest, establishment","5000 S Arizona Mills Cir, Tempe, AZ 85282, USA 85282",85282,Tempe,Arizona,United States,33.383123,-111.964485
226,ChIJUc2xLCMEK4cR450Yt70CGZc,The Shoppes at Casa Paloma,,"shopping_mall, grocery_or_supermarket, home_goods_store, store, restaurant, food, point_of_interest, establishment","7131 W Ray Rd, Chandler, AZ 85226, USA 85226",85226,Chandler,Arizona,United States,33.3183105,-111.965717
227,ChIJ1aVBDDeuK4cRbl7CmkimSYc,Power Square Mall,,"shopping_mall, point_of_interest, establishment","2055 S Power Rd, Mesa, AZ 85209, USA 85209",85209,Mesa,Arizona,United States,33.3778565,-111.6860083
228,ChIJqd3wbBUasocRhvb-2-7rAyc,Penn Square Mall,,"shopping_mall, point_of_interest, establishment","1901 Northwest Expy, Oklahoma City, OK 73118, USA 73118",73118,Oklahoma City,Oklahoma,United States,35.5248485,-97.5444107
229,ChIJdWyLw68PsocRK0Sn8qNMmxg,OKC Outlets,,"shopping_mall, point_of_interest, establishment","7624 W Reno Ave Suite 380, Oklahoma City, OK 73127, USA 73127",73127,Oklahoma City,Oklahoma,United States,35.4625898,-97.6473972
230,ChIJvaQTZ2ccsocRu7og8DGfPGQ,Sunglass Hut,3,"shopping_mall, store, point_of_interest, establishment","2501 W Memorial Rd, Oklahoma City, OK 73134, USA 73134",73134,Oklahoma City,Oklahoma,United States,35.613341,-97.5591413
231,ChIJH3uVDQ5psocR4U9-UYaJoGs,Sooner Mall,,"shopping_mall, point_of_interest, establishment","3301 W Main St, Norman, OK 73072, USA 73072",73072,Norman,Oklahoma,United States,35.2200122,-97.4907714
232,ChIJG4zghGscsocRyZy2LOAulU0,Quail Springs Marketplace,,"shopping_mall, point_of_interest, establishment","2100 W Memorial Rd, Oklahoma City, OK 73134, USA 73134",73134,Oklahoma City,Oklahoma,United States,35.6067854,-97.55126659999999
233,ChIJWa3HixQasocRoeO_Hvvbei8,50 Penn Place,,"shopping_mall, real_estate_agency, point_of_interest, establishment","1900 Northwest Expy, Oklahoma City, OK 73118, USA 73118",73118,Oklahoma City,Oklahoma,United States,35.5220782,-97.5458742
234,ChIJCx5Wwa8PsocRp9-blyL7040,Sunglass Hut,3,"shopping_mall, point_of_interest, store, establishment","7628 W Reno Ave #487, Oklahoma City, OK 73127, USA 73127",73127,Oklahoma City,Oklahoma,United States,35.462603,-97.6484469
235,ChIJpZCMTsgEsocRryDCCOsxsHQ,Newport Center,,"shopping_mall, point_of_interest, establishment","9120 N MacArthur Blvd, Oklahoma City, OK 73132, USA 73132",73132,Oklahoma City,Oklahoma,United States,35.56336819999999,-97.6202927
236,ChIJyx4QiZ0bsocRdXqZqEAqTBg,Village Park South,,"shopping_mall, point_of_interest, establishment","N May Ave, The Village, OK 73120, USA 73120",73120,The Village,Oklahoma,United States,35.576019,-97.56777079999999
237,ChIJ2SSbMdQEsocRF1aa54OPylo,Praxis Development,,"shopping_mall, general_contractor, point_of_interest, establishment","7300 Comanche Ave, Warr Acres, OK 73132, USA 73132",73132,Warr Acres,Oklahoma,United States,35.5470998,-97.6161121
238,ChIJCZlaM_E_mYARtnOPojUz0aA,Meadowood Mall,,"shopping_mall, point_of_interest, establishment","5000 Meadowood Mall Cir, Reno, NV 89502, USA 89502",89502,Reno,Nevada,United States,39.4738961,-119.78282
239,ChIJyWg1Eus-mYARF-cr0tUY-38,The Outlets at Legends,,"shopping_mall, point_of_interest, establishment","1310 Scheels Drive, Sparks, NV 89434, USA 89434",89434,Sparks,Nevada,United States,39.5316589,-119.7208903
240,ChIJSepvDo8UmYARY-3uZgM1Lgs,Shayden Summit Reno,,"shopping_mall, point_of_interest, establishment","13925 S Virginia St UNIT 212, Reno, NV 89511, USA 89511",89511,Reno,Nevada,United States,39.4037577,-119.7505871
241,ChIJ24ptNXpAmYARRrmJsHzZGyk,Reno Town Mall,,"shopping_mall, point_of_interest, establishment","4001 S Virginia St, Reno, NV 89502, USA 89502",89502,Reno,Nevada,United States,39.4866944,-119.7959778
242,ChIJswmLsLdAmYARbf2TogX-lyk,Sunglass Hut,3,"shopping_mall, store, point_of_interest, establishment","Hwy 431 &, S Virginia St #406, Reno, NV 89511, USA 89511",89511,Reno,Nevada,United States,39.4042889,-119.7507227
243,ChIJlf_ctC85mYARmQX6bbQzcyA,Baring West Center,,"shopping_mall, point_of_interest, establishment","728 Baring Blvd, Sparks, NV 89434, USA 89434",89434,Sparks,Nevada,United States,39.5567033,-119.7326954
244,ChIJIwquELA4mYARNMM9yq77wf8,Evergreen,,"shopping_mall, point_of_interest, establishment","2300 Oddie Blvd, Sparks, NV 89431, USA 89431",89431,Sparks,Nevada,United States,39.54594609999999,-119.7768489
245,ChIJUcjue1AVmYARClyIY_Awnps,Southwest Pavilion Shopping,,"shopping_mall, point_of_interest, establishment","8155 S Virginia St, Reno, NV 89511, USA 89511",89511,Reno,Nevada,United States,39.45289289999999,-119.7794146
246,ChIJjQiE08Q4mYAR3hfx592kZ6Y,Sparks Mercantile,,"shopping_mall, point_of_interest, establishment","2895 N McCarran Blvd, Sparks, NV 89431, USA 89431",89431,Sparks,Nevada,United States,39.5550371,-119.7541256
247,ChIJ2zSFgPM_mYARudXO7gkaifY,Sunglass Hut at Macy's,3,"department_store, shopping_mall, store, point_of_interest, establishment","5100 Meadowood Mall Cir, Reno, NV 89502, USA 89502",89502,Reno,Nevada,United States,39.47419809999999,-119.7836254
248,ChIJOTjfl_c_mYAR50XlA82bn3E,Del Monte Plaza,,"shopping_mall, point_of_interest, establishment","6139 S Virginia St, Reno, NV 89502, USA 89502",89502,Reno,Nevada,United States,39.4690761,-119.7872436
249,ChIJZ3i2vfk_mYARpDTRynaBZ9s,The Crossing at Meadowood Square,,"shopping_mall, point_of_interest, establishment","6405 S Virginia St, Reno, NV 89511, USA 89511",89511,Reno,Nevada,United States,39.4671594,-119.7849111
250,ChIJGSdtIgA5mYAR77wQZes3Ylk,Sparks Crossing,,"shopping_mall, point_of_interest, establishment","101 Los Altos Pkwy, Sparks, NV 89436, USA 89436",89436,Sparks,Nevada,United States,39.582049,-119.7405967
251,ChIJZY8kIDwVmYAROgoUoS9Q_HI,South Creek Retail Center,,"shopping_mall, point_of_interest, establishment","95 Foothill Rd, Reno, NV 89511, USA 89511",89511,Reno,Nevada,United States,39.43919799999999,-119.7713708
252,ChIJUxvAI1gUmYAReFXOoPzHHU0,EsthiZen by Michelle Bates @Michael Grace Salon,,"spa, hair_care, beauty_salon, shopping_mall, point_of_interest, establishment","1091 Steamboat Pkwy #200, Reno, NV 89521, USA 89521",89521,Reno,Nevada,United States,39.4235578,-119.7411196
253,ChIJWUBJaIbfm4ARZ5wCDVwlqww,The Rock,,"shopping_mall, point_of_interest, establishment","11197 Brockway Rd #1, Truckee, CA 96161, USA 96161",96161,Truckee,California,United States,39.32190569999999,-120.1633681
254,ChIJnaM4zC5HmYARTRP8mZLbEjA,Keystone Square,,"shopping_mall, point_of_interest, establishment","561 Keystone Ave, Reno, NV 89503, USA 89503",89503,Reno,Nevada,United States,39.5278858,-119.8292587
255,ChIJFUPXtZVGmYARKWzUmhX8j5A,Canyon Center,,"shopping_mall, point_of_interest, establishment","10490 N McCarran Blvd, Reno, NV 89503, USA 89503",89503,Reno,Nevada,United States,39.5340576,-119.8641214
256,ChIJD5bV6ss_mYARhoTSjmt5TiA,Mira Loma Shopping Center,,"shopping_mall, point_of_interest, establishment","3310 S McCarran Blvd, Reno, NV 89502, USA 89502",89502,Reno,Nevada,United States,39.48503030000001,-119.7465861
257,ChIJm6Sdt3FAmYARduSsHJcBl1c,Firecreek Crossing,,"shopping_mall, point_of_interest, establishment","4823 Kietzke Ln, Reno, NV 89509, USA 89509",89509,Reno,Nevada,United States,39.4798568,-119.7958928
